ID,d1,d2,d3,d4,d5,d6,d7,d8,d9,d10,d11,d12,a1,a2,a3,a4,a5,a6,a7,a8,a9,a10,a11,a12,a13,a14,a15,a16,a17,a18,a19,a20,a21,a22,a23,a24,a25,a26,a27,a28,a29,a30,a31,a32,a33,a34,a35,a36,a37,a38,a39,a40,a41,a42,a43,a44,a45,a46,a47,a48,a49,a50,a51,a52,a53,a54,a55,a56,b1,b2,b3,b4,b5,b6,b7,b8,b9,b10,b11,b12,b13,b14,b15,b16,b17,b18,b19,b20,b21,b22,b23,b24,b25,b26,b27,c1,c2,c3,c4,c5,c6,c7,c8,c9,c10,c11,c12,c13,c14,c15,c16,c17,c18,c19,a_sum_1,a_sum_2,a_sum_3,a_sum_4,b_sum_1,b_sum_2,b_sum_3,b_sum_4,b_sum_5,b_sum_6,c_sum_1,c_sum_2,c_sum_3,c_sum_4,c_sum_5
65992263,Женщина,48,Город с численностью от 100 тысяч до 500 тысяч,Высшее,20 + лет,15-20 лет,"Финансы, бухгалтерия, банки;",1000+ человек,бухгалтер,60,30 000 — 60 000,Нет,5,5,5,3,2,4,5,5,5,6,4,2,4,6,5,6,7,7,6,5,7,2,5,7,4,5,4,4,5,3,5,4,4,5,6,5,4,5,6,4,4,1,5,4,7,7,1,7,5,4,1,2,6,3,5,2,3,1,2,2,1,2,2,3,2,2,2,1,2,2,2,3,3,2,2,3,2,2,3,2,4,2,3,3,2,3,4,5,4,3,4,1,1,3,3,3,1,3,3,4,3,2,55,76,65,59,11,11,5,12,10,11,12,16,5,7,15
65985522,Мужчина,30,Москва,Неоконченное высшее,10-15 лет,5-10 лет,"Продажи, закупки;",До 50 человек,ИП,100,100 000 — 150 000,Да,7,7,7,6,6,6,6,7,5,7,7,2,7,6,6,5,3,5,7,7,6,6,7,7,7,6,5,6,7,5,6,7,6,6,6,4,6,7,7,4,5,6,6,5,7,7,7,6,7,5,7,7,6,7,7,6,2,2,2,2,3,3,2,3,3,3,2,3,2,3,2,2,4,2,3,3,3,3,3,4,3,3,3,5,5,5,5,5,5,5,3,5,2,5,5,5,5,5,5,5,5,5,80,83,88,90,14,13,8,13,12,13,20,18,12,15,25
65984452,Мужчина,50,Город с численностью жителей миллион и более человек,Высшее,20 + лет,5-10 лет,Логистика;,До 500 человек,Квалифицированный рабочий,74,30 000 — 60 000,Нет,7,7,6,7,3,7,7,7,7,7,7,7,7,7,7,4,4,7,7,7,6,6,7,4,7,4,4,7,7,6,7,4,7,7,1,4,7,4,6,3,6,7,6,5,7,6,2,3,5,6,7,6,3,7,7,5,2,3,2,3,2,3,3,3,3,3,3,2,2,2,3,3,3,3,4,4,4,4,3,4,4,4,2,2,2,2,2,3,4,3,3,3,3,4,5,5,5,4,4,3,3,3,86,81,83,75,15,15,6,16,15,14,8,13,10,15,17
65984372,Мужчина,25,Город с численностью от 100 тысяч до 500 тысяч,Высшее,1-3 года,1-3 года,Медицина;,До 1000 человек,врач,30,30 000 — 60 000,Да,7,6,5,7,7,7,7,7,7,7,5,2,7,4,7,7,7,4,7,7,6,6,6,3,5,7,5,4,6,1,4,2,4,4,1,7,6,7,6,6,4,7,7,6,7,5,2,7,1,7,7,5,6,6,4,6,3,4,3,3,4,3,2,3,2,3,2,2,2,1,3,3,3,2,1,4,4,2,3,3,4,3,2,1,1,2,5,2,3,3,1,1,4,3,5,4,4,5,4,3,4,5,81,81,69,76,20,12,5,12,13,12,9,9,8,13,21
65984251,Женщина,50,Город с численностью менее 50 тысяч,Среднее общее (11 классов),20 + лет,20 + лет,Транспорт;,1000+ человек,1,1,15 000 — 30 000,Нет,7,7,7,7,5,4,4,2,6,7,4,7,4,7,3,6,3,6,7,6,7,1,7,7,7,1,7,4,7,7,4,4,5,7,2,3,6,7,7,3,6,3,7,4,7,7,1,4,7,7,4,7,6,7,7,6,2,2,3,3,3,3,2,4,2,3,2,3,3,3,2,3,4,2,3,4,1,2,3,1,1,1,3,3,4,3,4,5,5,3,4,3,1,1,4,4,2,5,3,3,3,5,71,75,75,81,16,13,9,14,10,6,14,17,5,10,19
65984229,Женщина,43,Город с численностью от 100 тысяч до 500 тысяч,Высшее,20 + лет,3-5 лет,"Продажи, закупки;",1000+ человек,специалист,30,30 000 — 60 000,Нет,6,6,5,6,6,6,6,6,6,6,5,2,5,6,6,5,4,6,6,5,6,6,4,4,6,6,6,5,5,4,6,5,2,5,4,5,6,5,6,5,3,6,5,4,5,5,5,6,4,5,5,6,4,4,6,4,3,2,2,3,3,3,2,3,2,2,2,1,1,1,1,3,1,3,3,2,2,1,3,2,1,2,2,1,1,2,4,1,2,3,2,1,2,2,5,4,5,4,4,5,3,4,71,76,72,68,16,11,3,11,8,7,8,8,5,14,20
65984113,Женщина,38,Город с численностью жителей миллион и более человек,Основное общее (9 классов),5-10 лет,1-3 года,"Маркетинг, реклама, PR;",1000+ человек,"Информационный менеджер,фрилансер",90,30 000 — 60 000,Нет,6,5,6,3,4,5,6,5,6,5,7,4,6,3,6,6,3,1,7,5,4,4,5,6,7,5,4,4,4,5,5,7,3,4,3,4,6,6,7,4,6,7,5,6,6,6,4,4,5,4,4,6,6,3,4,6,4,3,3,3,3,3,4,4,3,3,3,2,3,2,4,4,3,3,4,2,2,2,2,3,3,2,2,5,4,3,5,4,3,4,5,3,3,4,5,4,5,4,3,4,3,3,68,66,75,69,19,17,7,18,8,10,17,16,10,14,17
65984102,Женщина,35,Город с численностью жителей миллион и более человек,Высшее,5-10 лет,10-15 лет,Спорт и туризм,До 50 человек,Инструктор тренер,80,100 000 — 150 000,Нет,7,7,7,1,5,7,7,7,7,7,7,2,7,7,7,7,1,5,7,7,1,6,4,1,2,7,5,7,7,7,7,7,5,6,5,3,7,7,7,1,7,7,7,7,7,7,7,1,6,7,7,7,4,7,1,7,4,4,4,4,4,4,4,2,4,4,4,4,4,4,4,4,4,4,4,2,2,2,3,4,4,1,1,5,5,5,5,5,5,5,5,5,5,5,5,5,5,5,5,5,5,5,78,67,90,82,24,18,12,20,9,10,20,20,15,15,25
65984085,Мужчина,40,Город с численностью от 50 тысяч до 100 тысяч,Основное общее (9 классов),0-1 года,0-1 года,Обслуживание;,До 50 человек,строитель,50,60 000 — 100 000,Нет,5,6,5,3,3,6,6,6,4,5,5,4,6,5,6,6,2,4,6,6,5,6,4,4,6,7,4,6,6,5,5,5,3,4,4,4,5,4,5,3,4,5,5,6,4,5,4,3,4,6,5,4,3,4,3,5,3,3,3,4,3,4,4,3,3,3,4,3,3,3,4,3,4,4,3,4,3,4,4,3,3,2,3,5,4,4,3,4,4,5,2,2,3,3,5,4,5,5,3,5,5,5,64,71,68,61,20,17,9,18,15,11,16,15,8,14,23
65984080,Мужчина,35,Город с численностью от 100 тысяч до 500 тысяч,Среднее общее (11 классов),5-10 лет,5-10 лет,Транспорт;,До 50 человек,Автодиагност,100,15 000 — 30 000,Нет,7,7,7,7,7,7,7,7,7,7,7,7,7,7,7,7,1,1,7,7,7,1,7,6,7,6,7,7,7,7,7,7,5,1,7,2,7,7,7,4,4,7,7,7,1,7,7,1,2,7,4,2,1,7,1,2,4,4,4,4,4,4,4,4,4,4,4,4,4,4,4,4,4,3,3,2,4,2,3,2,2,2,2,5,4,5,5,3,5,5,4,4,2,4,5,5,3,5,5,5,5,5,91,78,86,56,24,20,12,18,11,8,19,17,10,13,25
65984069,Женщина,47,Поселок городского типа,Неоконченное высшее,20 + лет,10-15 лет,Образование;,До 50 человек,младший воспитатель,37,15 000 — 30 000,Нет,7,5,5,7,1,6,7,4,7,7,4,1,4,7,6,7,3,1,7,7,7,7,4,2,4,4,3,5,7,7,2,5,2,2,2,3,4,6,2,4,6,4,5,1,5,5,4,1,1,7,5,6,4,6,4,6,1,2,3,2,3,4,4,4,2,4,4,2,2,2,4,4,4,4,2,2,1,1,2,4,1,1,1,1,2,2,4,4,5,2,5,3,2,5,5,5,5,4,3,4,4,3,65,69,61,60,15,18,6,18,6,7,9,16,10,15,18
65984064,Мужчина,46,Поселок городского типа,Два и более высших и/или научная степень,20 + лет,3-5 лет,Обслуживание;,1000+ человек,почтальон,100,30 000 — 60 000,Нет,6,7,6,6,4,7,5,6,7,7,2,2,4,2,4,4,6,4,5,7,6,6,4,2,2,6,6,6,6,4,4,4,6,6,2,2,2,4,4,4,3,4,5,2,7,6,2,6,4,5,3,2,4,4,4,4,2,3,3,2,3,3,2,3,2,2,3,2,2,2,3,4,2,2,4,2,2,2,2,1,2,2,2,4,4,4,3,2,4,2,1,3,3,2,3,3,4,2,3,1,2,3,69,64,61,58,16,12,6,15,8,7,15,9,8,10,11
65984061,Женщина,38,Город с численностью от 500 тысяч до 950 тысяч,Высшее,15-20 лет,3-5 лет,Обслуживание;,До 1000 человек,лаборант,90,30 000 — 60 000,Нет,6,6,6,2,7,5,5,5,7,7,6,5,6,4,6,5,3,6,5,6,7,7,1,3,6,7,2,3,6,5,6,6,7,7,5,6,6,1,6,4,6,5,5,5,6,6,5,7,4,6,6,1,6,4,1,6,2,3,2,3,2,2,2,1,3,2,3,2,3,1,2,4,3,3,2,2,2,3,3,3,3,1,3,3,3,2,2,5,5,4,3,5,3,2,5,4,5,4,5,5,5,5,73,68,79,68,14,11,6,14,10,10,10,17,10,14,24
65983950,Женщина,41,Город с численностью от 500 тысяч до 950 тысяч,Неоконченное высшее,5-10 лет,0-1 года,фриланс,До 50 человек,копирайтер,50,30 000 — 60 000,Да,4,5,5,4,5,4,4,4,5,6,3,4,3,4,5,4,4,4,4,4,5,3,5,4,4,6,5,4,4,4,4,4,4,5,4,5,5,5,4,3,4,4,3,2,4,4,2,5,3,4,3,3,4,4,3,5,1,2,2,2,3,2,2,3,3,2,2,3,2,2,2,2,2,2,3,1,2,1,2,1,1,2,2,3,3,2,2,3,4,3,4,2,3,3,4,4,3,3,3,3,3,3,56,61,63,49,12,12,7,11,6,6,10,14,8,11,15
65983938,Мужчина,46,Город с численностью от 500 тысяч до 950 тысяч,Среднее общее (11 классов),20 + лет,20 + лет,Производство;,1000+ человек,волочильщик,100,60 000 — 100 000,Нет,5,5,5,6,4,5,7,5,7,7,5,3,6,5,5,5,3,5,5,5,7,2,2,4,6,3,5,7,5,5,5,5,6,6,4,3,6,6,5,3,5,5,5,5,5,5,6,5,5,6,5,5,2,2,3,7,2,3,3,3,3,2,3,4,4,3,3,3,3,2,4,3,3,3,3,3,3,2,3,3,2,2,3,3,3,3,3,4,4,4,2,4,4,4,5,4,4,4,4,4,4,3,70,62,76,66,16,17,8,16,11,10,12,14,12,13,19
65983937,Мужчина,30,Город с численностью от 100 тысяч до 500 тысяч,Высшее,5-10 лет,10-15 лет,Медицина;,До 500 человек,врач,10000,30 000 — 60 000,Да,5,4,6,2,4,7,6,7,7,7,6,5,6,7,7,7,3,2,4,6,6,7,5,2,7,1,5,6,6,6,3,4,2,4,4,3,6,7,6,4,5,5,6,5,6,2,2,4,5,5,3,4,2,2,3,6,3,2,2,4,3,2,4,4,3,4,4,3,4,2,4,4,1,2,4,4,4,4,4,3,3,4,4,3,4,3,5,3,4,3,1,1,1,1,4,4,5,3,3,5,3,4,72,69,71,55,16,19,9,15,16,14,15,11,3,13,18
65983932,Женщина,34,Город с численностью от 100 тысяч до 500 тысяч,Неоконченное высшее,10-15 лет,1-3 года,энергетика,1000+ человек,инженер,70,30 000 — 60 000,Нет,7,7,6,2,6,6,6,6,7,3,6,3,3,2,4,5,4,3,7,3,7,7,7,3,7,5,1,6,7,5,4,5,4,4,2,7,5,5,6,5,5,5,7,2,4,4,5,4,5,7,5,5,3,6,1,6,3,3,2,2,2,3,2,1,3,2,3,3,2,4,2,2,2,2,2,2,1,1,2,1,1,1,1,3,4,3,3,3,3,5,2,4,4,4,3,3,3,5,4,4,3,5,68,65,75,64,15,11,9,10,6,4,13,13,12,9,21
65983907,Женщина,42,Город с численностью от 100 тысяч до 500 тысяч,Два и более высших и/или научная степень,10-15 лет,0-1 года,Медицина;,До 500 человек,начальник отдела кадров,90,30 000 — 60 000,Да,7,7,7,7,7,6,7,7,7,7,7,2,7,7,4,7,6,5,7,7,7,6,4,7,6,7,7,6,7,7,7,7,4,7,5,5,7,7,7,1,6,7,7,3,7,2,3,7,2,7,4,6,2,1,7,6,2,4,3,4,3,4,3,3,4,4,4,4,4,4,3,4,3,2,3,4,4,1,4,4,4,2,2,3,3,2,3,4,5,4,1,2,5,5,3,4,2,5,5,3,4,5,85,87,90,64,20,18,12,15,13,12,11,14,12,9,22
65983879,Женщина,49,Город с численностью жителей миллион и более человек,Высшее,20 + лет,10-15 лет,"Финансы, бухгалтерия, банки;",До 50 человек,начальник отдела кадров,80,30 000 — 60 000,Да,7,7,7,6,7,6,5,4,7,6,6,4,6,6,7,6,1,2,6,6,5,4,6,4,7,4,6,6,7,6,7,7,6,7,4,6,7,7,6,6,4,7,1,1,4,4,4,4,4,6,4,4,4,4,4,4,2,3,3,2,3,3,2,3,4,3,4,2,3,3,3,3,3,3,3,1,3,2,2,4,2,2,1,1,1,1,1,2,1,2,1,1,2,3,5,5,4,4,4,5,4,4,78,70,93,52,16,16,8,15,8,9,4,6,6,14,21
65983821,Женщина,38,Москва,Высшее,10-15 лет,10-15 лет,Медицина;,До 500 человек,Врач,150000,150 000 — 200 000,Нет,7,7,7,1,5,7,7,7,7,7,7,7,7,7,7,7,7,4,7,7,7,7,7,6,7,1,7,7,7,7,1,1,1,3,7,1,7,5,1,1,7,7,7,5,7,4,7,7,7,7,7,7,7,7,3,7,4,4,4,4,4,4,4,4,4,4,4,4,4,4,4,4,4,4,4,4,4,4,1,4,4,4,4,5,5,5,5,5,5,5,5,5,5,1,5,5,5,5,5,5,5,5,83,88,63,89,24,20,12,20,13,16,20,20,11,15,25
65983693,Женщина,30,Город с численностью от 100 тысяч до 500 тысяч,Два и более высших и/или научная степень,5-10 лет,3-5 лет,Образование;,До 500 человек,преподаватель,50,15 000 — 30 000,Нет,6,7,7,6,7,7,7,7,7,7,7,4,7,7,7,7,5,6,7,6,7,7,7,7,7,7,7,6,7,6,5,6,3,4,4,6,6,7,6,2,5,7,7,3,2,7,2,6,2,7,7,7,7,5,7,6,1,3,3,3,2,2,4,3,4,3,4,3,3,3,3,4,3,4,3,2,2,3,3,4,3,3,1,1,1,1,1,3,3,3,3,4,4,5,4,5,4,5,4,4,4,5,86,94,80,75,14,18,9,17,10,11,4,12,13,13,22
65983688,Мужчина,32,Город с численностью жителей миллион и более человек,Высшее,10-15 лет,5-10 лет,Производство;,1000+ человек,начальник бюро,70,100 000 — 150 000,Да,5,5,5,5,5,5,5,5,6,5,4,4,5,5,5,4,5,4,5,5,5,5,5,5,5,4,4,5,6,5,5,3,5,5,4,4,5,5,5,3,4,5,5,4,5,5,5,5,5,5,5,5,5,4,5,5,2,2,3,3,3,3,3,3,3,3,3,2,3,3,3,3,3,2,3,3,3,3,3,3,3,1,3,3,3,3,3,3,3,3,3,3,3,3,4,4,4,3,4,4,4,4,64,66,69,68,16,15,8,14,12,10,12,12,9,12,19
65983457,Женщина,39,Город с численностью жителей миллион и более человек,Высшее,15-20 лет,15-20 лет,Красота и здоровье;,До 1000 человек,врач,30,30 000 — 60 000,Нет,6,5,5,7,6,5,4,4,7,6,4,5,4,3,5,4,1,5,5,4,6,6,4,4,4,4,6,3,6,5,7,5,5,4,7,7,6,2,4,3,4,5,5,4,7,6,2,2,4,6,3,4,1,4,4,6,1,2,4,4,2,4,4,4,4,4,4,2,4,4,2,2,4,3,3,2,4,2,2,4,2,3,3,2,2,2,2,2,4,2,3,2,2,2,3,4,3,5,2,3,3,3,68,61,73,58,17,20,10,14,10,12,8,11,6,10,16
65983150,Женщина,42,Город с численностью от 100 тысяч до 500 тысяч,Высшее,15-20 лет,10-15 лет,"Финансы, бухгалтерия, банки;",1000+ человек,Менеджер 2 линии,80000,60 000 — 100 000,Нет,7,7,5,7,1,6,4,7,7,7,3,2,2,7,6,5,5,4,7,7,5,1,5,7,7,7,7,4,4,7,4,1,5,1,1,4,6,2,4,3,3,6,1,7,6,7,2,7,7,6,4,7,7,1,4,7,2,4,4,4,4,4,4,2,4,4,4,3,2,2,4,4,4,4,4,2,2,1,1,2,4,1,4,5,5,5,5,3,3,3,3,3,5,3,5,5,5,4,5,3,5,3,65,80,55,73,22,18,7,20,6,11,20,12,11,15,20
65982988,Женщина,30,Город с численностью от 500 тысяч до 950 тысяч,Высшее,5-10 лет,5-10 лет,"Финансы, бухгалтерия, банки;",До 500 человек,Гл. бухгалтер,100,60 000 — 100 000,Затрудняюсь ответить,7,7,6,6,5,7,7,6,7,7,6,3,6,6,6,7,2,4,7,7,7,6,4,4,6,4,6,5,6,5,6,4,4,4,3,6,5,6,6,3,4,4,7,4,6,7,6,6,4,7,6,6,4,5,4,6,1,4,3,4,2,4,4,4,4,4,4,3,3,4,3,4,3,3,4,3,3,2,4,4,3,3,3,3,3,3,3,4,4,4,5,4,5,5,5,5,5,4,5,3,4,4,80,76,71,78,18,20,10,17,12,13,12,17,14,15,20
65982978,Мужчина,55,Город с численностью жителей миллион и более человек,Высшее,20 + лет,10-15 лет,Торговля;,1000+ человек,начальник отдела,100,30 000 — 60 000,Нет,4,6,5,5,6,2,1,4,3,3,2,4,3,3,4,4,4,4,5,2,4,1,5,5,5,4,4,5,6,6,3,6,5,3,6,6,6,5,5,5,4,2,4,4,2,7,4,2,5,4,3,3,4,5,5,6,1,2,2,3,1,2,3,3,3,4,4,4,2,3,4,4,3,2,4,2,1,2,2,2,1,2,1,1,1,1,1,2,1,4,1,1,2,2,4,4,3,1,2,2,2,1,48,54,73,58,11,17,9,17,7,6,4,8,5,11,8
65982952,Мужчина,41,Город с численностью от 100 тысяч до 500 тысяч,Высшее,5-10 лет,3-5 лет,"Продажи, закупки;",1000+ человек,кладовщик,50,30 000 — 60 000,Нет,4,5,5,5,4,6,3,4,3,3,4,3,5,5,3,5,4,5,5,5,5,5,5,4,4,4,4,5,3,3,5,5,3,4,4,3,5,4,4,4,4,4,4,4,5,3,4,3,5,5,3,5,5,4,5,5,2,3,3,3,2,2,3,3,2,2,2,3,3,3,2,2,2,2,2,3,3,3,3,2,2,2,3,4,3,2,3,3,4,3,3,3,3,3,3,3,4,3,4,4,3,2,54,63,60,60,15,12,9,10,12,9,12,13,9,10,16
65982903,Мужчина,43,Город с численностью от 500 тысяч до 950 тысяч,Высшее,20 + лет,10-15 лет,Строительствол,До 50 человек,Руководитель отдела,100,30 000 — 60 000,Нет,6,3,2,7,7,6,2,2,7,7,1,2,1,2,2,5,6,6,4,2,4,6,2,2,2,6,7,3,6,2,1,2,6,6,2,6,2,2,2,2,1,3,2,1,2,2,6,7,2,4,2,2,4,7,3,4,2,3,2,2,2,3,3,3,3,3,4,3,2,4,2,3,3,3,4,4,2,2,4,3,3,1,2,2,3,2,3,4,4,5,4,4,3,4,4,4,5,4,4,4,3,4,53,56,46,48,14,16,9,15,12,9,10,17,11,13,19
65982888,Женщина,33,Город с численностью жителей миллион и более человек,Высшее,15-20 лет,10-15 лет,Образование;,До 500 человек,руководитель,100,60 000 — 100 000,Нет,7,7,6,6,4,7,7,7,7,7,7,2,7,6,6,6,4,5,7,7,6,4,6,7,7,6,7,6,6,6,4,5,6,6,5,4,7,6,7,2,6,6,7,6,6,7,6,5,5,6,5,7,6,5,7,5,3,3,3,3,3,3,3,3,2,3,4,4,2,4,3,3,3,3,3,2,2,2,2,3,3,1,2,4,4,4,4,4,4,4,4,4,4,4,4,4,4,5,4,4,4,4,81,84,82,83,18,15,10,15,8,9,16,16,12,12,21
65982770,Женщина,35,Город с численностью от 100 тысяч до 500 тысяч,Неоконченное высшее,10-15 лет,5-10 лет,"Продажи, закупки;",До 500 человек,кассир-операционист,80,30 000 — 60 000,Да,7,7,7,7,4,5,5,5,6,6,7,5,5,7,6,7,2,5,7,6,7,5,5,7,5,6,7,7,7,7,6,5,6,7,5,4,7,4,2,2,5,6,4,7,6,5,5,6,1,6,6,7,4,4,4,7,2,4,4,3,3,4,4,4,4,4,4,3,3,4,3,3,4,3,3,2,3,2,3,3,3,2,3,3,3,3,4,3,4,3,2,3,5,5,5,5,5,3,3,5,2,4,76,82,80,72,20,20,10,16,10,11,13,12,13,15,17
65982754,Женщина,35,Город с численностью жителей миллион и более человек,Высшее,15-20 лет,5-10 лет,спорт,До 500 человек,заместитель главного бухгалтера,100,15 000 — 30 000,Да,7,7,7,7,7,7,7,6,7,7,6,4,4,3,5,7,1,1,7,7,7,3,1,4,2,7,7,7,7,7,4,7,2,7,4,7,7,7,4,6,3,7,7,6,7,7,7,7,4,7,2,6,4,2,1,7,2,2,4,3,2,4,4,4,4,4,4,3,3,4,3,3,4,3,3,3,3,2,3,4,2,3,1,1,1,1,1,3,5,3,1,1,2,4,5,5,4,5,3,3,3,4,83,62,86,74,17,20,10,16,11,10,4,12,7,14,18
65982687,Женщина,37,Город с численностью от 500 тысяч до 950 тысяч,Среднее общее (11 классов),10-15 лет,1-3 года,Обслуживание;,До 1000 человек,Уборщица,100,15 000 — 30 000,Да,7,7,7,5,4,6,6,4,6,6,2,3,4,3,6,4,6,3,6,7,6,3,5,5,5,5,6,5,5,4,4,3,6,6,2,3,4,4,6,1,5,5,2,2,4,4,2,5,1,6,2,5,6,4,6,5,2,4,3,2,2,3,4,4,3,3,4,2,2,3,3,4,4,3,2,2,2,1,1,2,2,2,1,4,4,4,3,5,5,5,5,4,4,5,5,4,5,2,2,2,5,2,67,70,63,54,16,18,7,16,6,7,15,20,13,14,13
65982558,Женщина,37,Город с численностью жителей миллион и более человек,Неоконченное высшее,10-15 лет,3-5 лет,Образование;,До 500 человек,специалист,100,15 000 — 30 000,Да,7,6,5,3,5,7,4,6,4,2,5,4,6,3,5,7,3,1,5,6,7,6,5,4,5,4,4,5,5,4,5,5,4,4,5,5,6,4,6,3,3,6,7,4,7,5,6,5,5,5,3,4,2,1,2,4,1,4,4,3,2,4,3,3,3,4,3,3,3,4,4,3,4,4,3,2,2,1,3,3,2,2,2,3,3,1,3,4,4,3,3,3,4,3,4,5,4,4,4,4,4,4,64,65,70,60,18,16,10,18,8,9,10,14,10,13,20
65982555,Женщина,40,Город с численностью от 500 тысяч до 950 тысяч,Среднее общее (11 классов),10-15 лет,1-3 года,Медицина;,До 1000 человек,медицинский работник,15000,15 000 — 30 000,Нет,6,7,7,7,1,7,6,7,7,7,7,4,7,6,7,7,2,1,7,6,7,7,4,6,7,4,1,6,7,6,7,6,7,1,4,5,7,3,7,1,7,7,7,4,7,7,2,1,1,7,4,7,7,1,3,7,2,3,3,3,2,2,4,4,2,4,4,3,3,4,2,3,3,3,4,2,2,3,2,4,3,2,3,4,5,3,4,4,5,4,5,3,1,4,5,5,4,5,3,3,4,5,80,72,81,65,15,18,10,15,9,12,16,18,8,14,20
65982539,Женщина,29,Москва,Высшее,5-10 лет,5-10 лет,Производство;,1000+ человек,зам начальника,15000,30 000 — 60 000,Нет,6,5,6,7,3,6,7,4,7,7,4,3,6,6,6,6,4,7,6,7,7,5,2,3,7,6,7,6,5,6,4,5,5,4,5,5,6,4,4,1,5,7,5,4,5,5,3,5,2,5,5,4,1,4,1,5,3,4,3,4,4,4,3,3,4,4,3,4,2,3,3,3,3,3,3,3,3,2,1,4,4,2,2,5,4,3,5,5,5,5,4,4,4,5,5,5,5,5,4,4,5,4,71,79,72,54,22,17,9,15,9,12,17,19,13,15,22
65982521,Женщина,36,Город с численностью от 100 тысяч до 500 тысяч,Высшее,15-20 лет,10-15 лет,Транспорт;,1000+ человек,главный специалист по привлечению клиентов,40,30 000 — 60 000,Да,7,7,7,1,4,7,6,7,7,7,5,2,5,7,7,6,3,5,7,6,7,5,7,7,6,5,7,7,7,7,7,4,6,6,5,4,4,6,2,1,7,6,7,5,5,7,5,3,1,6,4,5,2,4,3,5,2,4,2,3,3,3,4,2,4,3,2,3,4,4,3,2,4,3,3,2,2,1,3,2,2,1,1,2,2,2,1,4,4,3,5,1,3,5,4,4,4,4,3,3,3,4,72,85,79,62,17,15,11,15,8,6,7,16,9,12,17
65982449,Женщина,33,Санкт-Петербург,Два и более высших и/или научная степень,10-15 лет,5-10 лет,Образование;,До 1000 человек,специалист,56000,30 000 — 60 000,Нет,3,5,3,5,4,4,3,3,5,5,3,3,3,4,3,3,5,3,4,4,5,5,3,3,4,4,5,4,3,3,4,3,5,5,3,4,4,5,3,3,3,4,3,3,3,4,3,4,3,3,4,3,4,4,4,4,2,1,2,2,2,2,2,2,2,2,2,2,2,2,2,2,2,2,2,1,2,2,2,1,2,1,2,5,5,5,5,5,5,5,1,4,1,2,5,5,5,5,5,5,5,5,49,55,56,49,11,10,6,10,7,6,20,16,7,15,25
65982394,Мужчина,32,Москва,Среднее общее (11 классов),3-5 лет,3-5 лет,фриланс,До 50 человек,Человек,80000,60 000 — 100 000,Затрудняюсь ответить,6,4,7,3,3,6,2,4,2,4,2,5,3,7,4,3,6,1,7,4,1,5,6,2,2,3,3,7,4,3,5,5,4,5,5,3,5,6,3,2,7,4,7,5,7,5,3,1,5,5,2,4,5,5,4,6,4,4,4,2,4,3,4,4,2,4,3,4,4,4,4,4,4,4,4,1,2,2,2,2,2,1,2,4,5,5,5,4,3,4,2,5,4,1,4,5,3,5,4,5,4,2,51,54,68,64,21,17,12,20,7,7,19,13,10,12,20
65982367,Женщина,52,Город с численностью жителей миллион и более человек,Два и более высших и/или научная степень,20 + лет,10-15 лет,Торговля;,До 50 человек,специалист,50,15 000 — 30 000,Затрудняюсь ответить,7,6,5,7,5,5,6,5,7,7,5,4,5,4,5,4,5,3,6,5,5,4,6,3,6,7,7,5,5,5,3,4,4,4,6,5,5,5,5,4,5,6,7,4,4,4,2,3,2,6,6,6,7,4,5,6,4,3,4,2,3,3,3,4,3,3,4,3,4,4,4,4,3,4,4,2,3,1,2,2,3,2,3,4,3,3,3,4,5,4,5,5,3,5,5,4,4,5,4,3,3,5,74,70,71,66,19,17,11,19,8,10,13,18,13,13,20
65982307,Женщина,25,Город с численностью от 50 тысяч до 100 тысяч,Высшее,3-5 лет,0-1 года,Красота и здоровье;,До 50 человек,Администратор,95,30 000 — 60 000,Да,7,7,7,7,6,7,7,7,7,6,7,1,7,1,7,7,6,4,7,7,7,6,7,7,6,6,5,7,7,7,7,7,4,7,4,4,7,7,6,4,7,7,7,7,7,7,7,6,5,7,5,6,6,5,7,7,4,4,4,3,4,4,3,3,4,3,4,2,3,3,3,4,4,4,3,2,3,1,2,4,3,1,4,4,1,4,4,4,5,3,1,3,4,4,4,5,4,4,5,5,3,4,83,83,92,89,23,17,8,18,8,12,13,13,11,13,21
65982238,Женщина,53,Город с численностью от 100 тысяч до 500 тысяч,Высшее,20 + лет,0-1 года,Торговля;,1000+ человек,продавец-консультант,50,30 000 — 60 000,Нет,7,7,7,7,4,7,7,7,7,7,4,2,6,7,5,6,4,5,7,7,6,5,2,3,6,6,6,5,7,6,4,5,6,5,4,6,7,6,4,4,5,4,6,5,7,7,2,6,6,5,1,6,3,6,4,5,1,2,3,2,3,3,2,3,2,3,3,2,2,1,3,3,3,3,2,2,3,1,1,3,3,1,1,3,3,3,3,4,3,4,4,2,3,4,4,5,4,3,4,4,5,4,79,75,78,69,14,13,5,14,7,8,12,15,9,13,20
65981863,Женщина,33,Город с численностью от 500 тысяч до 950 тысяч,Среднее общее (11 классов),10-15 лет,3-5 лет,Обслуживание;,До 50 человек,фотограф,3498,30 000 — 60 000,Да,6,7,5,6,3,6,3,6,5,6,4,5,7,4,7,5,2,1,6,7,3,3,7,6,7,4,3,5,7,5,6,7,4,6,5,2,6,7,7,3,6,6,6,5,6,5,3,3,5,5,7,7,7,4,7,1,3,4,3,3,2,3,2,2,3,2,3,3,2,4,3,3,3,3,3,4,3,2,2,3,2,2,3,4,4,4,5,4,5,4,4,4,1,4,5,4,5,5,4,5,5,5,69,65,82,71,18,12,9,15,11,10,17,17,9,14,24
65981770,Женщина,32,Город с численностью от 100 тысяч до 500 тысяч,Высшее,5-10 лет,5-10 лет,"Продажи, закупки;",До 50 человек,продавец,15000,15 000 — 30 000,Да,7,5,5,1,1,5,4,4,5,5,4,5,6,5,5,5,3,2,7,7,7,3,4,5,4,7,5,3,5,5,7,7,3,5,3,4,7,7,4,3,5,4,4,7,6,5,5,3,5,7,6,6,4,2,5,7,4,4,3,4,1,4,3,3,3,4,4,3,1,3,4,4,4,3,4,4,3,4,4,3,4,3,3,3,4,4,4,4,4,3,3,4,4,2,4,5,4,5,3,4,2,5,57,69,72,72,20,17,7,19,15,13,15,14,10,13,19
65981724,Женщина,45,Город с численностью от 500 тысяч до 950 тысяч,Неоконченное высшее,15-20 лет,5-10 лет,Логистика;,До 1000 человек,оператор,100,15 000 — 30 000,Да,7,7,7,7,2,7,7,7,7,7,6,5,3,7,6,6,7,6,7,7,7,5,6,5,5,5,5,7,7,6,7,5,3,4,2,6,6,3,2,5,4,5,7,5,7,7,7,6,6,7,4,7,6,4,4,7,1,4,2,3,4,3,3,4,2,4,2,3,2,2,2,2,3,3,4,2,2,1,2,4,3,2,2,1,2,2,2,1,3,2,5,2,2,3,5,5,5,3,5,1,1,3,79,84,72,84,17,15,7,14,7,11,7,11,7,15,13
65981720,Мужчина,47,Москва,Высшее,20 + лет,3-5 лет,Логистика;,1000+ человек,Логист,90,60 000 — 100 000,Затрудняюсь ответить,7,7,7,6,6,7,7,7,7,7,4,2,6,7,7,5,4,5,7,7,6,6,4,4,6,5,3,7,7,7,4,4,4,4,4,4,7,4,2,1,6,6,7,3,5,7,5,5,5,7,5,5,3,5,4,6,3,3,4,3,2,2,3,3,3,3,3,3,2,2,3,3,3,3,2,2,2,1,2,2,2,1,2,4,3,4,4,4,5,4,4,4,3,4,4,5,4,5,5,5,5,5,80,76,71,72,17,15,7,14,7,7,15,17,11,13,25
65981719,Мужчина,51,Город с численностью от 100 тысяч до 500 тысяч,Неоконченное высшее,20 + лет,3-5 лет,Транспорт;,До 50 человек,водитель-экспертов,80,60 000 — 100 000,Да,5,5,5,5,4,4,5,5,4,4,5,5,4,7,5,6,2,2,6,5,4,4,6,4,6,4,4,5,6,6,5,5,5,2,5,6,5,6,5,6,4,6,4,5,7,4,4,2,6,7,5,6,5,5,5,6,3,4,3,3,4,2,4,3,3,3,3,3,3,4,4,4,4,4,2,4,2,3,1,4,3,1,2,3,3,3,3,2,5,3,3,2,1,1,5,5,4,4,3,1,5,3,60,65,77,71,19,16,10,18,10,10,12,13,4,14,16
65981676,Женщина,43,Город с численностью от 100 тысяч до 500 тысяч,Среднее общее (11 классов),10-15 лет,3-5 лет,Торговля;,До 50 человек,менеджер,50,30 000 — 60 000,Да,4,7,4,3,4,7,6,4,5,6,3,4,5,4,6,6,3,1,4,6,4,5,4,6,7,4,4,6,6,5,4,7,4,4,6,4,7,1,2,4,6,6,2,4,4,5,7,3,4,7,4,5,4,4,5,6,4,4,2,4,4,3,4,4,2,2,3,3,4,4,4,3,3,3,3,2,4,3,4,3,4,3,4,3,5,4,5,4,5,3,3,1,3,3,5,5,5,5,5,3,5,5,62,64,72,64,21,15,11,16,13,14,17,15,7,15,23
65981660,Женщина,50,Город с численностью жителей миллион и более человек,Основное общее (9 классов),15-20 лет,10-15 лет,Торговля;,До 50 человек,кассир,30000,30 000 — 60 000,Нет,7,7,3,7,7,1,1,6,3,5,5,7,6,7,3,5,4,1,6,7,7,4,7,5,7,7,7,5,6,6,6,5,1,7,7,7,7,6,1,1,7,3,1,5,1,1,5,1,7,6,6,6,6,1,7,1,2,4,3,4,4,4,2,4,2,2,2,1,2,1,2,2,4,2,2,2,2,1,1,1,2,2,2,4,3,3,5,2,5,4,1,3,5,5,5,5,4,3,4,3,4,2,65,77,75,54,21,12,4,12,6,7,15,12,13,14,16
65981532,Женщина,32,Город с численностью жителей миллион и более человек,Высшее,5-10 лет,3-5 лет,Медицина;,До 500 человек,экономист,80,15 000 — 30 000,Да,7,7,6,6,2,7,7,6,7,5,6,4,7,6,7,6,4,5,5,5,5,4,6,5,6,2,4,6,6,6,6,5,5,5,6,2,7,7,7,4,5,7,7,6,6,7,7,4,5,7,4,6,6,6,4,6,1,3,2,3,2,2,2,2,2,1,2,1,3,2,1,1,2,1,4,3,2,4,2,3,3,4,1,2,2,2,3,4,4,4,4,2,2,2,3,3,4,3,3,4,3,3,77,70,84,81,13,9,6,9,11,11,9,16,6,10,16
65981495,Женщина,53,Санкт-Петербург,Среднее общее (11 классов),10-15 лет,10-15 лет,фриланс,1000+ человек,копирайтер,9,15 000 — 30 000,Затрудняюсь ответить,7,4,5,2,6,3,4,4,6,6,5,2,2,5,6,4,6,6,6,2,2,2,6,5,6,2,6,6,6,6,2,6,6,6,4,5,6,6,3,6,4,2,6,6,5,2,2,2,6,6,6,2,6,2,4,5,1,1,1,1,2,1,3,2,1,2,4,1,1,1,2,2,2,1,2,2,1,2,2,1,1,1,1,1,4,4,4,4,4,3,3,2,2,2,4,4,4,4,4,2,4,4,56,64,74,60,7,12,3,9,7,4,13,14,6,12,18
65981479,Женщина,37,Город с численностью от 500 тысяч до 950 тысяч,Высшее,10-15 лет,0-1 года,Образование;,До 50 человек,педагог,100,15 000 — 30 000,Да,7,7,7,7,5,7,7,5,7,6,7,1,7,4,7,2,2,7,7,3,6,5,7,7,5,7,6,4,7,7,7,7,7,7,4,3,7,7,4,4,3,5,7,6,4,6,7,3,1,7,5,7,3,3,2,7,1,2,3,3,2,3,2,3,2,3,3,3,3,4,1,2,3,3,4,2,2,3,3,3,2,2,4,3,2,4,2,5,4,5,5,4,2,4,4,5,3,4,4,5,4,4,80,75,83,68,14,13,10,13,10,11,11,19,10,12,21
65981449,Женщина,45,Город с численностью менее 50 тысяч,Высшее,20 + лет,5-10 лет,служба экстренной помощи,До 50 человек,старший оператор,6800,0 — 15 000,Нет,6,5,5,4,3,6,6,6,7,6,6,5,5,6,5,5,4,4,5,5,4,4,6,5,6,4,4,6,6,5,5,6,3,4,2,4,6,6,6,5,5,4,6,6,5,7,3,2,7,6,4,5,4,2,4,5,4,2,2,2,2,4,2,2,2,2,2,1,2,4,4,2,2,2,2,2,2,1,2,2,2,2,1,2,2,1,1,3,2,3,3,3,3,4,5,5,5,3,3,3,3,3,70,67,73,66,16,10,7,12,7,7,6,11,10,15,15
65981402,Женщина,32,Город с численностью жителей миллион и более человек,Неоконченное высшее,10-15 лет,0-1 года,Обслуживание;,1000+ человек,территориальный менеджер,45,30 000 — 60 000,Затрудняюсь ответить,5,5,4,5,5,5,6,5,7,7,4,4,5,5,4,3,3,6,5,4,5,4,6,5,4,3,7,5,5,5,4,5,5,5,5,4,5,5,3,5,3,6,6,4,5,5,3,4,5,5,3,5,5,5,4,5,2,3,3,3,4,3,3,3,3,3,3,4,3,3,3,3,3,3,3,2,3,2,2,2,2,2,2,2,1,1,2,2,2,2,2,2,2,1,5,4,3,3,3,4,3,3,67,64,70,64,18,15,10,15,9,8,6,8,5,12,16
65981263,Женщина,37,Город с численностью от 50 тысяч до 100 тысяч,Высшее,15-20 лет,15-20 лет,Культура,До 50 человек,главный библиотекарь,70,15 000 — 30 000,Нет,7,7,2,7,7,1,1,1,1,1,1,7,1,7,6,7,4,7,7,1,7,7,7,7,6,7,7,7,7,7,1,7,7,7,1,7,6,4,1,4,6,7,7,1,6,7,7,7,6,6,1,6,2,7,6,7,1,2,2,2,3,3,3,2,1,3,3,2,2,2,3,3,2,2,3,3,3,1,3,3,2,2,1,3,3,3,3,3,5,4,3,3,5,5,5,4,3,4,4,4,3,3,44,87,79,76,13,12,6,13,10,8,12,15,13,12,18
65981187,Мужчина,52,Санкт-Петербург,Высшее,20 + лет,20 + лет,Производство;,До 500 человек,директор,80,60 000 — 100 000,Нет,6,6,5,6,5,6,6,5,6,5,5,5,5,5,4,5,2,5,6,7,5,4,4,4,5,6,5,6,6,6,5,6,4,6,4,4,6,5,4,2,6,5,5,5,5,5,6,4,5,7,6,7,2,4,4,6,2,3,3,3,2,3,3,2,3,3,4,3,4,3,3,2,3,3,3,2,2,2,2,2,2,1,1,4,4,4,4,4,4,4,4,4,3,4,4,4,4,5,4,4,4,4,71,67,75,71,16,15,10,14,8,6,16,16,11,12,21
65981182,Женщина,45,Город с численностью от 500 тысяч до 950 тысяч,Неоконченное высшее,15-20 лет,5-10 лет,Производство;,До 500 человек,начальник БТД,50,30 000 — 60 000,Нет,1,7,7,6,5,7,7,7,7,7,6,4,7,7,7,7,3,7,7,5,6,4,5,7,6,5,4,7,6,5,7,6,7,3,5,4,7,6,5,1,7,7,6,4,7,6,5,1,5,5,5,7,5,4,5,6,2,2,4,3,4,4,4,4,4,4,4,3,3,3,4,4,3,3,3,3,4,3,4,2,4,2,2,4,3,4,4,4,4,3,3,3,3,4,5,4,5,5,3,4,4,5,78,80,83,71,19,20,9,17,14,10,15,14,10,14,21
65981136,Женщина,29,Город с численностью жителей миллион и более человек,Высшее,5-10 лет,3-5 лет,Производство;,1000+ человек,инженер,70,30 000 — 60 000,Да,7,7,7,7,6,3,1,4,5,4,3,4,3,7,1,7,5,1,7,3,7,3,7,3,4,7,5,7,7,7,7,3,5,5,4,4,7,7,3,4,4,7,4,3,4,4,4,4,5,7,4,4,7,5,5,7,4,4,4,4,3,4,3,4,3,2,4,3,3,4,3,4,3,3,2,3,4,2,4,4,4,4,4,1,2,2,2,3,5,3,1,1,3,5,5,5,5,5,3,5,1,5,61,67,81,67,23,16,10,15,13,16,7,12,9,15,19
65981107,Женщина,32,Город с численностью жителей миллион и более человек,Высшее,10-15 лет,5-10 лет,Производство;,До 500 человек,раскройщик,0,30 000 — 60 000,Нет,7,7,7,7,4,7,7,7,7,7,4,6,7,7,7,7,4,7,7,7,7,5,5,5,6,5,7,7,6,7,6,4,6,2,6,5,7,4,4,3,6,7,7,7,7,7,6,5,3,7,7,7,6,7,6,6,1,3,2,2,1,2,3,4,3,3,2,2,2,1,3,2,2,2,1,1,4,3,4,1,2,3,3,4,3,3,3,5,5,5,4,4,4,4,5,5,5,5,5,3,4,5,84,86,80,88,11,15,5,10,12,9,13,19,12,15,22
65981089,Мужчина,45,Москва,Высшее,15-20 лет,1-3 года,некоммерческая организация,До 50 человек,инженер,95,60 000 — 100 000,Да,5,3,5,5,6,4,4,4,4,5,5,3,4,4,4,5,5,5,5,4,5,2,5,6,5,5,5,6,6,6,5,5,6,5,5,5,6,5,5,6,4,7,6,4,5,5,4,4,4,6,1,1,4,4,6,4,2,3,3,3,4,4,3,3,3,4,3,2,3,3,2,3,4,3,2,2,2,2,2,3,1,1,1,1,2,2,4,1,2,1,1,1,4,1,4,3,2,2,3,5,2,2,57,65,82,58,19,16,8,14,8,6,9,5,6,9,14
65981074,Женщина,31,Город с численностью жителей миллион и более человек,Высшее,5-10 лет,3-5 лет,Образование;,До 50 человек,Воспитатель,70,30 000 — 60 000,Нет,6,5,6,4,4,5,4,7,3,6,6,6,4,5,3,6,6,2,7,5,3,2,5,4,5,4,3,5,5,6,6,6,2,5,3,1,6,4,5,4,5,7,5,5,7,5,4,4,7,6,5,6,5,1,6,4,2,4,3,4,3,4,3,3,4,4,4,4,4,4,4,4,4,4,3,2,4,4,4,3,4,2,3,5,5,5,5,5,5,5,4,5,4,5,5,5,5,5,5,5,5,5,66,60,70,70,20,18,12,19,14,12,20,19,14,15,25
65981065,Женщина,31,Город с численностью менее 50 тысяч,Высшее,3-5 лет,1-3 года,Образование;,До 50 человек,младший воспитатель,100,0 — 15 000,Да,7,7,7,7,7,7,7,7,7,7,7,2,7,5,6,7,1,6,7,7,3,2,5,7,6,7,7,6,7,5,7,6,7,7,5,4,7,2,6,4,5,6,3,5,5,1,2,7,1,6,5,7,3,7,2,1,2,4,3,2,4,4,4,4,4,4,4,3,2,4,2,4,4,3,4,1,2,1,1,3,1,2,1,1,2,1,2,5,5,5,4,5,4,5,5,5,5,5,2,5,5,5,86,76,84,55,19,20,9,17,5,7,6,19,14,15,22
65981044,Женщина,44,Город с численностью жителей миллион и более человек,Высшее,20 + лет,5-10 лет,Торговля;,До 50 человек,зам директора,100,15 000 — 30 000,Да,3,4,4,3,5,4,4,3,4,4,4,4,4,4,4,4,5,4,4,3,4,5,3,4,4,4,3,5,4,4,4,5,3,4,4,4,4,4,5,5,4,5,4,5,4,4,4,5,4,4,3,4,4,3,5,4,2,2,2,2,2,2,2,2,2,2,2,2,2,2,2,2,2,2,2,2,2,2,2,2,2,2,2,3,2,3,3,3,3,3,3,3,3,3,3,3,3,3,3,3,3,3,50,55,64,57,12,10,6,10,8,8,11,12,9,9,15
65980955,Мужчина,38,Город с численностью от 500 тысяч до 950 тысяч,Неоконченное высшее,15-20 лет,0-1 года,"Продажи, закупки;",До 50 человек,торговый представитель,50,15 000 — 30 000,Да,5,6,4,5,2,6,5,5,7,6,5,3,5,5,5,5,3,6,5,5,5,4,5,6,5,6,6,5,5,5,5,4,5,4,5,3,4,5,3,5,2,2,6,4,6,6,2,4,3,5,4,6,1,5,6,6,2,4,3,3,2,3,3,3,2,3,3,3,3,3,3,3,3,3,3,3,3,1,3,2,3,2,2,2,2,2,2,4,4,3,2,2,2,4,4,4,4,2,2,4,2,2,64,71,62,64,17,14,9,15,10,9,8,13,8,12,12
65980822,Мужчина,45,Город с численностью жителей миллион и более человек,Неоконченное высшее,20 + лет,15-20 лет,энергетика,1000+ человек,крановщик,45000,30 000 — 60 000,Да,7,7,7,7,4,7,7,7,7,7,7,1,5,6,7,7,2,6,7,7,6,7,6,6,6,5,4,7,7,6,7,6,7,7,3,6,6,7,6,4,6,6,6,6,7,7,6,5,4,7,6,7,6,7,5,6,2,3,3,2,3,3,2,2,3,3,3,3,2,4,3,3,4,3,2,2,3,2,3,2,2,2,2,3,2,3,3,3,3,4,3,2,2,3,5,4,4,4,2,4,5,4,80,82,91,85,16,13,9,15,10,8,11,13,7,13,19
65980768,Мужчина,44,Город с численностью менее 50 тысяч,Основное общее (9 классов),15-20 лет,5-10 лет,Производство;,До 500 человек,контролёр,95,30 000 — 60 000,Нет,5,3,5,5,3,6,3,4,5,5,3,5,3,4,4,4,3,5,5,4,4,3,5,4,5,5,4,5,4,5,4,5,3,4,3,4,3,5,3,4,4,4,3,4,4,3,3,3,3,4,4,4,4,3,3,4,2,3,2,3,3,3,2,3,2,1,3,2,2,3,2,2,3,3,3,2,3,2,1,3,2,2,3,3,3,4,2,5,5,5,4,2,2,4,5,5,5,1,2,1,2,3,55,59,60,49,16,11,7,13,8,10,12,19,8,15,9
65980718,Женщина,32,Город с численностью жителей миллион и более человек,Высшее,5-10 лет,3-5 лет,Производство;,До 500 человек,кадры,85,30 000 — 60 000,Да,7,7,5,4,1,7,7,7,7,7,7,4,7,6,7,7,1,7,7,7,7,7,5,6,7,1,4,7,5,5,5,7,7,3,3,4,6,7,6,5,7,6,7,7,5,5,5,7,5,7,5,7,7,7,7,7,3,3,3,3,3,4,3,4,3,3,4,3,3,3,3,4,3,4,3,2,4,2,3,3,4,3,3,4,4,2,3,4,4,3,2,3,2,3,4,5,4,5,3,4,5,4,77,79,83,88,19,17,9,17,11,13,13,13,8,13,21
65980570,Женщина,42,Город с численностью от 100 тысяч до 500 тысяч,Высшее,20 + лет,10-15 лет,Образование;,До 500 человек,Учитель,80,30 000 — 60 000,Да,5,4,4,5,5,4,4,4,4,4,4,4,3,5,4,3,3,5,4,4,4,3,4,5,5,5,4,5,5,4,5,5,5,5,4,4,5,5,3,4,4,4,5,5,4,4,3,4,3,5,3,4,4,5,4,3,1,1,2,2,2,2,3,2,3,3,2,3,2,2,3,3,2,2,3,2,2,2,2,2,2,1,2,2,2,2,3,3,3,3,3,2,3,3,4,4,3,3,3,3,4,3,54,58,67,56,10,13,7,13,8,7,9,12,8,11,16
65980430,Женщина,38,Город с численностью жителей миллион и более человек,Высшее,15-20 лет,5-10 лет,Локализация,До 500 человек,Менеджер по персоналу,100,60 000 — 100 000,Нет,7,7,7,7,3,7,7,7,7,7,6,4,4,3,5,6,7,1,7,7,5,6,5,3,6,4,5,7,7,7,4,4,3,5,6,5,3,4,3,4,4,5,7,2,1,5,5,2,1,7,6,6,4,1,4,5,1,2,3,2,2,3,2,3,3,2,3,2,2,2,3,3,3,3,3,2,2,1,2,2,2,2,2,4,4,4,3,3,4,4,3,2,1,3,5,4,5,4,2,3,3,4,80,70,71,56,13,13,6,15,7,8,15,14,6,14,16
65980367,Мужчина,53,Город с численностью от 100 тысяч до 500 тысяч,Неоконченное высшее,20 + лет,20 + лет,безопасность,До 50 человек,инспектор,100,15 000 — 30 000,Да,1,1,1,7,1,1,1,1,1,1,1,1,1,2,1,1,7,7,1,1,1,1,1,1,1,7,7,1,1,1,1,1,7,7,1,1,1,1,1,7,1,1,1,1,1,1,1,1,1,1,1,1,1,7,1,1,1,1,1,2,1,2,1,1,2,2,1,2,1,1,1,1,1,2,2,2,1,1,2,2,1,2,1,1,1,1,1,1,1,1,2,1,3,1,1,1,1,1,1,1,1,1,19,39,33,20,8,7,4,7,6,6,4,5,5,3,5
65980220,Мужчина,44,Город с численностью от 100 тысяч до 500 тысяч,Высшее,20 + лет,15-20 лет,"Продажи, закупки;",До 50 человек,заместитель директора,50,30 000 — 60 000,Нет,7,6,6,5,3,5,6,5,6,6,5,5,5,2,5,6,3,6,7,6,6,6,6,5,5,6,3,5,5,5,5,6,4,6,6,5,6,6,6,2,5,7,5,4,4,6,6,6,4,5,4,5,4,4,5,5,3,3,3,4,4,4,3,4,3,3,4,3,4,4,3,2,3,3,4,4,3,3,3,3,4,4,3,3,4,3,3,4,4,4,4,3,4,2,4,4,4,3,4,4,3,4,70,72,79,67,21,17,11,15,13,14,13,16,9,12,18
65980203,Женщина,53,Город с численностью от 100 тысяч до 500 тысяч,Среднее общее (11 классов),20 + лет,5-10 лет,досуг и развлечения,До 50 человек,менеджер среднего звена,70,15 000 — 30 000,Нет,7,7,7,5,3,7,7,7,6,6,7,4,4,4,4,7,5,7,6,6,7,5,6,6,7,4,7,6,7,7,6,6,6,6,5,6,7,6,6,3,6,5,7,6,7,7,7,7,4,6,6,6,5,7,6,7,2,3,4,2,4,4,4,4,3,4,4,3,3,3,3,4,4,4,2,3,3,1,3,3,3,2,3,4,4,3,3,5,5,5,4,4,2,4,5,5,5,5,4,3,3,5,77,81,88,88,19,19,9,17,10,11,14,19,10,15,20
65980117,Женщина,34,Город с численностью жителей миллион и более человек,Высшее,5-10 лет,1-3 года,Медицина;,До 500 человек,Администратор,80,15 000 — 30 000,Нет,5,6,4,6,6,6,6,6,6,7,5,2,6,2,4,4,6,6,5,5,5,5,6,6,6,5,6,5,5,4,5,5,5,6,5,5,6,4,5,3,3,6,6,6,6,6,4,6,4,6,6,5,6,2,4,5,1,3,3,3,2,3,2,3,3,3,3,3,2,3,2,2,3,3,2,3,2,3,3,2,3,3,2,3,3,3,3,3,3,3,3,5,3,4,4,4,4,3,3,3,4,4,71,71,72,72,15,14,8,12,11,10,12,12,12,12,17
65980025,Женщина,32,Город с численностью жителей миллион и более человек,Неоконченное высшее,10-15 лет,5-10 лет,Производство;,1000+ человек,Старший бухгалтер,100,60 000 — 100 000,Нет,5,5,5,6,6,4,5,5,5,5,4,4,4,5,4,5,4,4,5,6,6,6,4,4,5,6,6,5,5,5,4,5,4,4,4,6,5,5,5,4,5,5,6,4,5,5,6,5,4,6,5,5,2,2,5,5,2,3,3,2,2,3,2,2,2,3,3,2,2,2,2,2,3,2,2,2,2,2,2,2,3,3,2,4,4,4,3,4,4,5,4,4,4,4,4,5,4,4,4,4,4,4,63,70,71,65,15,12,6,11,8,10,15,17,12,13,20
65979995,Мужчина,40,Санкт-Петербург,Среднее общее (11 классов),15-20 лет,1-3 года,Производство;,1000+ человек,вентилевой,80,30 000 — 60 000,Да,7,7,6,7,1,7,7,7,7,7,7,7,7,7,7,7,1,7,7,7,7,1,7,7,7,7,7,5,7,7,7,7,7,7,1,1,7,7,7,7,7,7,7,7,7,7,7,7,7,7,7,7,7,7,7,7,1,4,4,2,4,4,4,4,4,4,4,4,4,4,4,4,4,4,4,4,4,4,4,4,4,4,4,3,3,3,3,4,4,5,3,3,3,1,5,5,5,5,5,5,5,5,84,86,91,98,19,20,12,20,16,16,12,16,7,15,25
65979930,Женщина,36,Москва,Неоконченное высшее,15-20 лет,1-3 года,"Продажи, закупки;",До 500 человек,менеджер,80,30 000 — 60 000,Затрудняюсь ответить,7,6,4,7,3,7,7,6,6,6,6,5,5,6,6,4,2,6,7,4,4,3,6,4,5,5,6,6,6,6,6,4,4,6,2,5,5,6,7,4,4,5,7,5,4,7,2,5,4,4,5,4,4,4,5,6,2,2,2,3,3,2,3,3,2,2,3,3,2,3,2,2,3,3,2,2,1,1,2,4,2,2,4,1,1,1,1,4,4,3,3,3,4,4,5,5,5,5,2,3,3,5,75,68,76,66,14,13,8,12,6,12,4,14,11,15,18
65979864,Женщина,52,Город с численностью от 100 тысяч до 500 тысяч,Высшее,20 + лет,10-15 лет,Красота и здоровье;,1000+ человек,Завелующая отделением,20,30 000 — 60 000,Затрудняюсь ответить,7,6,6,5,5,7,7,7,7,7,6,5,7,5,5,6,3,6,7,6,5,7,6,5,6,3,4,6,6,6,6,6,5,4,4,4,6,6,6,4,5,6,6,6,6,6,7,6,5,6,5,7,6,4,5,6,2,3,3,2,2,3,3,4,3,3,3,3,3,2,3,3,4,4,4,3,2,2,3,2,2,3,2,3,2,2,3,3,4,4,4,4,3,3,4,4,4,4,4,4,3,4,82,74,80,81,15,16,8,18,10,9,10,15,10,12,19
65979743,Женщина,43,Санкт-Петербург,Неоконченное высшее,15-20 лет,10-15 лет,Торговля;,До 50 человек,Продавец,90,30 000 — 60 000,Нет,5,6,6,5,4,6,5,5,7,7,3,5,4,5,6,5,5,5,6,5,5,4,5,6,6,7,5,6,5,5,5,5,5,4,3,3,5,6,6,4,5,5,3,6,4,2,5,6,4,6,4,5,4,3,6,5,2,2,3,3,1,3,3,2,3,2,3,3,1,3,3,3,3,2,2,2,1,1,2,1,2,2,1,1,4,1,2,2,3,2,2,1,4,3,5,4,3,4,3,2,3,3,68,75,72,63,14,13,7,13,6,6,8,9,8,12,15
65979713,Женщина,33,Москва,Высшее,15-20 лет,10-15 лет,Торговля;,До 1000 человек,специалист,35,15 000 — 30 000,Нет,5,5,5,3,5,5,3,5,3,5,3,3,3,5,3,4,4,5,5,3,3,4,5,5,5,5,3,5,5,3,3,5,5,3,3,3,5,3,3,5,3,3,3,3,5,3,4,3,5,5,5,5,5,4,5,3,3,3,3,3,2,1,2,3,2,2,2,2,3,2,2,2,2,2,2,2,3,3,3,3,2,2,3,2,3,4,2,3,3,2,3,2,3,4,3,4,3,4,4,5,4,2,53,59,57,58,15,11,7,10,11,10,11,11,9,10,19
65979660,Мужчина,41,Село,Основное общее (9 классов),15-20 лет,5-10 лет,Обслуживание;,До 50 человек,зам. начальника,70,15 000 — 30 000,Нет,5,6,5,3,3,5,5,4,4,4,5,5,6,5,5,6,3,3,5,5,4,4,6,4,5,4,3,5,4,5,5,5,3,3,4,3,5,5,4,4,4,5,5,5,5,6,5,3,4,5,4,4,5,5,5,5,2,3,3,3,3,3,3,3,3,3,3,2,2,3,3,3,3,3,3,2,2,1,2,3,2,3,2,1,1,2,1,3,3,3,1,1,5,1,4,5,2,3,3,3,4,3,60,62,64,66,17,15,7,15,7,10,5,10,7,11,16
65979658,Женщина,28,Москва,Два и более высших и/или научная степень,5-10 лет,5-10 лет,"Продажи, закупки;",1000+ человек,директор,80,60 000 — 100 000,Нет,7,7,7,7,7,7,7,7,7,7,7,3,7,7,7,7,1,4,7,7,7,6,7,6,5,5,7,7,7,7,7,7,7,7,7,5,7,3,2,1,7,7,7,7,7,7,2,5,3,7,7,7,5,1,1,7,4,4,4,4,4,4,4,4,4,4,4,4,4,4,4,4,4,4,4,3,4,2,4,4,4,2,2,5,5,5,5,5,5,5,5,5,4,4,5,5,5,5,5,5,5,5,87,83,88,73,24,20,12,20,13,12,20,20,13,15,25
65979573,Мужчина,34,Город с численностью от 500 тысяч до 950 тысяч,Основное общее (9 классов),5-10 лет,0-1 года,Производство;,До 50 человек,фасофщик,26000,15 000 — 30 000,Нет,4,4,4,5,4,4,4,5,7,4,4,4,4,4,4,4,4,6,4,4,7,4,5,4,4,4,4,4,4,4,4,4,4,4,4,4,4,4,4,4,4,4,4,4,4,4,4,4,4,2,4,3,4,4,4,4,2,3,3,2,2,2,2,1,2,2,2,1,3,1,2,2,2,2,1,1,3,1,1,2,1,1,2,2,3,3,2,3,3,3,3,3,3,5,5,5,4,3,3,3,2,3,57,62,60,53,14,9,5,9,6,6,10,12,11,14,14
65979571,Женщина,41,Город с численностью жителей миллион и более человек,Неоконченное высшее,15-20 лет,1-3 года,Торговля;,До 500 человек,Менеджер,90,15 000 — 30 000,Да,5,5,5,6,6,5,5,5,7,6,5,4,4,5,5,5,4,7,5,5,6,4,5,5,4,6,6,5,5,5,4,5,6,5,2,4,5,5,5,4,4,4,4,5,5,5,5,6,5,5,4,5,5,7,5,5,1,3,2,2,2,2,2,3,2,3,3,3,2,1,2,2,4,3,2,2,2,1,2,3,2,3,2,1,2,1,5,2,2,2,2,1,3,3,5,5,5,3,4,5,4,3,68,72,68,71,12,13,6,13,7,10,9,8,7,15,19
65979564,Женщина,33,Город с численностью менее 50 тысяч,Неоконченное высшее,10-15 лет,0-1 года,"Продажи, закупки;",До 50 человек,Менеджер,100,15 000 — 30 000,Да,6,6,6,6,3,7,6,6,6,7,4,4,4,5,3,7,2,5,6,6,4,7,4,4,4,4,4,6,6,4,4,4,2,4,6,7,6,4,2,4,4,7,4,7,5,1,2,6,3,6,7,5,4,4,4,7,3,4,3,4,2,3,4,3,1,4,4,3,2,3,3,4,1,2,2,4,4,4,3,3,3,4,4,1,1,1,1,2,5,1,1,1,5,2,4,4,4,5,5,5,5,5,71,65,70,65,19,16,8,12,15,14,4,9,8,12,25
65979526,Женщина,38,Город с численностью от 100 тысяч до 500 тысяч,Среднее общее (11 классов),5-10 лет,3-5 лет,Торговля;,До 50 человек,оператор,100,15 000 — 30 000,Нет,6,6,7,4,3,7,6,6,7,7,5,4,5,6,6,6,3,5,6,6,6,7,5,7,7,3,3,6,6,5,5,6,3,4,6,3,6,5,6,5,5,6,7,5,6,6,6,6,6,6,5,5,4,4,5,6,3,4,3,3,3,3,3,3,3,3,4,4,3,3,3,4,3,3,4,4,3,2,3,3,3,2,3,4,4,3,4,5,4,5,3,4,4,5,4,4,4,4,4,4,4,3,73,76,77,77,19,16,10,17,12,11,15,17,13,12,19
65979515,Женщина,28,Москва,Высшее,10-15 лет,5-10 лет,Логистика;,1000+ человек,старший специалист,70,60 000 — 100 000,Нет,5,4,4,4,5,7,6,6,7,7,3,6,6,5,5,6,5,5,6,6,7,5,6,7,6,7,7,6,6,6,5,6,4,4,4,5,4,5,4,4,4,6,6,5,4,7,5,7,5,6,4,5,6,6,7,6,3,2,3,2,2,3,2,2,2,3,4,1,3,3,2,2,2,2,2,2,4,1,2,4,3,4,3,3,3,2,2,2,4,3,3,2,4,4,5,5,5,4,4,4,3,3,70,83,73,79,15,13,7,10,9,14,10,12,10,15,18
65979508,Мужчина,36,Город с численностью жителей миллион и более человек,Среднее общее (11 классов),15-20 лет,15-20 лет,Производство;,До 1000 человек,вулканизаторщик,87,30 000 — 60 000,Нет,7,5,5,3,5,4,4,4,4,4,4,4,6,6,4,4,4,4,5,4,4,4,4,4,4,3,4,4,5,4,6,5,4,3,5,3,4,5,6,4,4,6,5,5,4,5,4,4,4,5,3,6,4,4,5,4,3,3,3,3,3,3,3,3,3,3,3,3,3,3,3,3,3,3,3,3,3,3,3,3,3,3,3,3,3,3,3,4,3,4,2,2,3,4,5,4,5,4,4,4,4,4,59,58,68,62,18,15,9,15,12,12,12,13,9,14,20
65979444,Женщина,29,Москва,Неоконченное высшее,3-5 лет,0-1 года,"Продажи, закупки;",До 50 человек,продавец-кассир,10,30 000 — 60 000,Да,7,7,7,7,7,4,5,7,5,4,1,1,1,7,7,7,1,7,1,4,7,4,7,7,7,7,7,7,7,7,7,1,7,7,1,1,7,7,7,4,4,1,1,1,7,7,1,7,4,7,1,7,4,4,1,1,1,4,3,2,3,4,4,4,4,4,4,4,1,4,4,4,4,4,2,2,1,2,2,3,3,2,3,3,4,5,2,5,5,3,2,4,3,5,5,5,5,4,4,2,3,4,63,80,75,53,17,20,9,18,7,11,14,15,12,15,17
65979438,Женщина,33,Город с численностью от 500 тысяч до 950 тысяч,Высшее,5-10 лет,0-1 года,"Финансы, бухгалтерия, банки;",До 50 человек,Контент-менеджер,100,15 000 — 30 000,Нет,7,7,6,7,5,7,7,7,7,7,7,1,5,7,7,6,7,7,7,7,7,7,7,7,7,5,7,7,7,7,7,3,7,6,4,4,7,5,7,3,6,7,7,3,6,7,5,7,3,7,6,7,3,6,5,7,1,3,3,2,4,3,4,4,4,3,4,3,3,4,4,4,4,2,3,4,2,2,4,3,3,1,2,5,5,5,5,5,5,5,5,4,4,5,5,5,5,5,5,5,5,3,80,95,87,79,16,19,10,17,12,9,20,20,13,15,23
65979402,Женщина,39,Город с численностью жителей миллион и более человек,Высшее,15-20 лет,3-5 лет,"Финансы, бухгалтерия, банки;",До 50 человек,Владелец бизнеса,80,30 000 — 60 000,Нет,7,7,7,7,7,6,6,6,7,7,6,1,6,3,7,7,1,2,7,6,7,7,7,7,7,7,7,7,7,7,6,7,7,7,7,3,7,6,7,1,6,7,6,6,6,6,6,3,5,7,7,6,5,2,3,7,4,4,4,4,4,4,4,4,4,4,4,4,4,4,4,4,4,4,4,2,4,2,4,4,4,4,4,5,5,5,5,5,5,5,5,4,5,5,5,5,5,5,5,4,5,5,80,82,92,75,24,20,12,20,12,16,20,20,14,15,24
65979363,Женщина,42,Город с численностью жителей миллион и более человек,Неоконченное высшее,20 + лет,0-1 года,Торговля;,До 500 человек,заместитель директора магазина,100,15 000 — 30 000,Да,7,7,7,7,6,7,7,7,6,6,7,3,7,4,7,6,1,7,7,6,6,1,7,7,6,7,7,2,7,3,7,7,7,6,6,6,7,6,6,6,2,7,7,5,7,7,4,6,6,7,6,5,7,6,7,7,4,4,4,4,4,4,4,3,3,3,4,4,4,3,3,4,3,3,3,2,1,1,2,1,2,1,2,1,1,1,2,2,3,2,1,3,3,4,5,5,5,4,5,5,4,5,84,79,85,87,24,17,11,16,6,6,5,8,10,15,23
65979284,Женщина,33,Город с численностью жителей миллион и более человек,Два и более высших и/или научная степень,10-15 лет,1-3 года,Торговля;,1000+ человек,бухгалтер,100,30 000 — 60 000,Нет,7,7,7,7,4,6,7,6,7,7,5,1,5,6,7,6,4,7,6,6,7,7,4,4,7,5,7,5,5,7,3,2,6,7,4,3,6,5,6,2,6,6,7,6,6,7,5,6,6,7,6,5,4,6,3,5,2,3,3,2,2,3,3,3,3,3,4,3,3,4,2,3,3,3,4,3,3,2,2,3,3,3,2,4,4,4,3,4,4,4,3,3,4,5,4,4,5,4,4,4,3,4,76,83,73,79,15,16,10,15,10,11,15,15,12,13,19
65979021,Мужчина,40,Город с численностью от 500 тысяч до 950 тысяч,Среднее общее (11 классов),15-20 лет,5-10 лет,строительство,До 50 человек,рабочий,30000,15 000 — 30 000,Да,7,6,5,4,4,7,7,7,7,7,7,1,5,7,2,2,1,4,7,7,6,7,7,6,6,1,3,5,6,6,1,6,6,6,6,1,6,6,6,5,3,2,6,6,7,7,6,7,7,2,2,6,7,7,7,2,4,4,4,2,4,4,4,4,4,4,4,2,4,2,2,4,3,3,4,2,3,3,4,4,4,1,2,2,2,1,2,2,5,2,2,3,1,1,3,5,3,5,2,2,5,2,74,66,71,79,22,20,8,16,12,11,7,11,5,11,16
65978949,Мужчина,35,Город с численностью от 100 тысяч до 500 тысяч,Два и более высших и/или научная степень,10-15 лет,3-5 лет,Транспорт;,До 50 человек,водитель,100,30 000 — 60 000,Нет,6,6,6,6,2,6,2,6,6,6,6,6,6,6,6,6,2,2,6,6,6,2,2,6,6,2,6,6,6,6,6,6,6,7,2,2,6,6,6,2,6,6,6,6,6,6,6,6,6,6,6,6,6,2,6,6,4,4,4,3,4,3,4,3,4,4,4,3,4,4,3,3,4,4,4,3,4,4,4,4,4,4,4,5,5,5,5,5,5,5,5,5,5,5,5,5,5,5,5,5,5,5,70,64,79,80,22,19,11,18,15,16,20,20,15,15,25
65978888,Женщина,32,Город с численностью жителей миллион и более человек,Высшее,10-15 лет,3-5 лет,Транспорт;,1000+ человек,Главный ревизор,100,100 000 — 150 000,Нет,7,5,6,7,2,6,6,4,7,7,6,4,6,4,6,3,2,3,7,6,7,6,7,7,7,4,6,7,6,6,5,6,3,3,6,7,4,5,5,3,6,7,7,6,6,7,4,3,6,7,5,6,4,3,6,7,2,4,4,4,4,4,3,2,4,4,4,2,3,4,3,4,4,4,2,1,4,1,2,3,4,2,1,5,5,4,5,5,5,5,5,5,5,5,5,5,4,5,5,5,5,5,73,75,79,77,22,17,9,17,8,10,19,20,15,14,25
65978882,Мужчина,41,Город с численностью от 100 тысяч до 500 тысяч,Высшее,10-15 лет,3-5 лет,Транспорт;,1000+ человек,специалист по транспорту,100,60 000 — 100 000,Да,6,6,5,6,3,5,5,6,6,6,3,4,4,5,5,6,4,4,5,5,4,1,5,4,5,4,4,5,5,5,4,4,6,4,4,4,4,4,4,4,4,4,5,4,4,5,4,4,4,3,4,4,4,4,4,4,2,2,2,2,3,1,2,1,2,2,2,2,2,2,2,2,2,2,2,2,2,3,2,2,3,4,3,2,2,3,3,2,2,2,4,2,5,1,3,5,3,3,5,2,5,3,65,61,65,57,12,9,6,10,9,12,10,10,8,11,18
65978871,Женщина,39,Город с численностью от 500 тысяч до 950 тысяч,Высшее,10-15 лет,1-3 года,Образование;,До 50 человек,администратор,100,15 000 — 30 000,Да,6,6,6,5,3,6,6,6,5,5,5,4,4,6,4,6,4,4,6,6,5,4,6,5,6,4,4,6,6,6,4,6,4,4,3,4,6,6,6,5,4,6,6,4,6,3,4,4,4,6,3,6,6,4,6,4,2,3,3,3,2,4,4,4,4,4,4,3,2,4,4,3,4,3,4,2,2,2,3,4,2,1,1,3,2,2,2,4,4,3,3,2,3,3,4,4,4,4,4,4,3,3,67,70,76,66,17,20,9,18,9,8,9,14,8,12,18
65978843,Женщина,33,Москва,Высшее,10-15 лет,3-5 лет,Медицина;,До 50 человек,врач,30,100 000 — 150 000,Нет,6,5,6,6,7,7,7,7,7,7,7,2,6,7,6,5,5,6,7,7,7,5,7,4,7,6,7,6,5,5,6,5,7,7,4,7,6,5,7,3,6,7,3,4,2,4,3,4,1,7,6,2,7,4,7,7,3,3,3,3,3,3,1,3,4,3,4,3,2,3,3,4,3,2,2,3,2,2,4,3,3,4,2,5,4,4,4,5,4,4,4,4,4,4,5,5,5,5,4,5,5,5,80,86,86,61,18,15,8,14,11,12,17,17,12,15,24
65978832,Мужчина,44,Москва,Неоконченное высшее,20 + лет,20 + лет,"Продажи, закупки;",До 500 человек,начальник склада,100,100 000 — 150 000,Нет,7,7,7,6,4,6,6,6,5,6,7,7,7,6,7,7,2,3,7,6,6,3,7,7,7,4,2,6,7,5,6,7,2,6,7,4,7,7,7,6,6,7,5,6,5,5,4,4,4,5,5,7,5,6,6,7,4,3,4,4,4,4,3,3,2,3,3,3,4,4,3,3,3,3,2,4,2,2,3,3,3,2,3,4,3,3,4,4,4,4,3,2,2,2,5,4,4,4,4,4,4,4,81,74,90,74,23,14,11,14,11,11,14,15,6,13,20
65978743,Мужчина,41,Москва,Неоконченное высшее,15-20 лет,10-15 лет,Производство;,До 500 человек,столяр,50,60 000 — 100 000,Затрудняюсь ответить,4,5,4,3,4,5,4,4,4,4,4,4,4,4,5,4,4,4,5,4,3,4,5,4,4,3,4,4,4,4,4,4,4,4,4,4,5,4,4,4,4,4,4,5,4,4,4,4,4,5,4,4,4,3,4,4,4,2,4,2,2,4,4,2,2,2,4,4,4,4,4,4,4,2,4,4,4,2,2,4,4,2,2,5,5,5,5,5,5,5,5,5,4,1,5,5,5,5,5,5,4,5,53,57,61,57,18,14,12,18,12,12,20,20,10,15,24
65978677,Женщина,42,Санкт-Петербург,Неоконченное высшее,20 + лет,5-10 лет,Медицина;,До 50 человек,администратор,0,30 000 — 60 000,Да,7,7,7,7,6,6,6,7,7,7,6,1,4,4,6,6,2,2,7,5,7,7,7,5,4,7,7,7,7,7,6,6,7,7,7,4,7,3,4,2,6,7,4,4,7,7,7,7,4,6,3,5,7,6,7,6,2,3,3,2,2,3,2,3,3,3,3,3,2,3,3,3,3,3,2,2,2,2,3,2,2,1,1,3,2,2,3,3,4,3,3,3,3,3,4,4,4,4,4,3,2,4,78,76,87,80,15,14,8,14,9,6,10,13,9,12,17
65978635,Женщина,51,Город с численностью от 100 тысяч до 500 тысяч,Высшее,20 + лет,15-20 лет,Производство;,1000+ человек,производственный мастер,100,30 000 — 60 000,Нет,5,6,5,3,4,7,5,5,7,3,5,5,6,5,6,5,1,3,6,5,3,1,5,4,5,3,3,5,5,5,5,5,1,3,5,3,5,5,5,2,7,6,6,7,5,5,4,3,6,5,6,5,5,2,7,5,4,4,4,4,4,4,4,4,4,4,4,4,4,4,4,4,4,4,4,4,4,4,4,4,4,4,4,5,5,5,5,5,5,5,5,4,3,2,5,5,5,5,5,5,5,5,66,55,67,71,24,20,12,20,16,16,20,20,9,15,25
65978625,Женщина,37,Город с численностью от 100 тысяч до 500 тысяч,Неоконченное высшее,5-10 лет,0-1 года,интернет,До 50 человек,блогер,90,30 000 — 60 000,Нет,7,7,7,6,7,6,6,4,5,4,6,3,5,7,7,6,1,1,7,5,4,4,7,7,7,5,4,7,7,7,7,7,6,6,4,1,7,5,7,2,7,7,5,1,3,6,7,2,1,5,5,7,1,7,1,3,2,4,2,3,2,3,4,4,4,4,4,3,3,4,3,4,4,4,4,2,1,2,3,2,2,2,2,4,5,4,5,5,5,4,5,4,5,5,5,5,5,5,4,5,5,4,73,72,87,54,16,20,10,19,8,8,18,19,14,15,23
65978603,Мужчина,51,Город с численностью от 100 тысяч до 500 тысяч,Высшее,20 + лет,3-5 лет,Юриспруденция;,До 50 человек,Юрисконсульт,100,100 000 — 150 000,Нет,7,7,7,7,3,7,7,7,1,7,7,1,7,7,7,7,2,7,7,7,7,5,7,7,7,7,7,6,6,7,7,6,7,7,5,4,7,7,6,2,6,6,7,4,7,7,7,6,7,7,7,7,7,7,6,7,1,3,3,3,3,3,4,4,4,4,4,4,2,4,4,4,4,4,4,4,3,3,4,4,4,3,2,5,5,5,5,5,5,5,1,4,4,4,5,5,5,5,5,5,5,5,75,91,89,93,16,20,10,20,14,13,20,16,12,15,25
65978488,Мужчина,46,Город с численностью от 100 тысяч до 500 тысяч,Основное общее (9 классов),20 + лет,1-3 года,Самозанятый,До 50 человек,Продавец,75,15 000 — 30 000,Нет,5,6,4,5,5,6,3,6,6,6,7,7,6,5,6,6,2,3,7,3,2,1,6,3,7,5,3,6,7,3,5,6,1,2,6,4,6,7,7,5,5,6,6,4,2,4,6,4,6,4,6,5,1,3,3,4,3,2,2,3,2,1,2,2,3,2,2,2,1,2,3,2,2,2,4,2,2,4,2,3,2,1,4,4,4,3,5,5,3,5,2,4,2,3,4,4,3,5,3,5,3,5,72,59,76,58,13,11,5,13,10,10,16,15,9,11,21
65978472,Женщина,41,Город с численностью жителей миллион и более человек,Высшее,15-20 лет,10-15 лет,Обслуживание;,До 1000 человек,начальник центра обслуживания клиентов,75,100 000 — 150 000,Нет,7,7,7,7,7,7,7,5,7,7,4,4,5,1,7,7,4,7,7,7,7,7,5,4,4,4,7,5,7,7,1,4,4,7,7,4,7,7,4,4,5,4,7,7,7,7,1,7,6,7,7,7,1,7,1,7,4,3,4,3,4,4,2,3,3,4,3,3,2,4,3,4,3,3,3,2,2,1,2,2,1,1,3,1,1,3,2,3,4,3,3,2,1,3,5,5,3,4,5,5,3,4,81,78,77,79,22,15,9,16,7,7,7,13,6,13,21
65978430,Женщина,43,Санкт-Петербург,Два и более высших и/или научная степень,15-20 лет,3-5 лет,консультации,До 50 человек,визовый менеджер,15,100 000 — 150 000,Нет,7,7,6,7,7,7,7,7,7,7,7,1,7,6,6,7,2,6,7,7,7,7,6,5,7,7,7,5,6,6,6,6,6,6,2,7,7,4,6,5,3,7,4,2,2,2,6,6,2,7,7,5,7,4,4,2,2,1,3,3,4,3,3,4,3,4,3,3,3,3,4,3,3,4,4,3,2,2,3,3,3,3,3,2,3,3,4,4,3,4,4,3,2,5,5,5,5,5,4,5,5,5,84,87,82,60,16,17,9,18,10,12,12,15,10,15,24
65978406,Женщина,40,Город с численностью жителей миллион и более человек,Высшее,10-15 лет,1-3 года,"Продажи, закупки;",До 50 человек,Товаровед,100,30 000 — 60 000,Нет,7,7,7,1,1,7,7,7,6,1,7,3,7,7,7,7,1,1,7,7,5,5,7,7,7,5,1,7,7,7,7,3,1,5,3,1,7,7,7,7,7,3,7,7,7,7,7,5,7,7,7,7,6,5,7,7,4,4,4,4,4,4,4,4,4,4,4,4,4,4,4,4,4,4,4,4,4,4,4,4,4,4,4,2,2,2,2,3,4,3,3,5,1,4,5,5,5,5,5,3,5,3,68,74,79,93,24,20,12,20,16,16,8,13,10,15,21
65978378,Женщина,54,Город с численностью жителей миллион и более человек,Высшее,20 + лет,20 + лет,Производство;,1000+ человек,инженер,30000,15 000 — 30 000,Нет,6,6,6,6,4,5,5,5,6,6,4,4,6,5,6,6,4,6,6,6,6,4,4,4,6,4,4,6,5,5,6,4,4,4,5,6,5,5,4,4,6,6,6,4,6,5,4,6,6,5,5,5,4,6,4,6,3,2,3,2,2,2,2,3,3,3,3,2,2,2,2,3,3,3,3,3,3,2,3,2,3,2,2,4,3,4,4,4,5,4,2,5,3,2,4,4,4,4,4,4,5,3,69,71,75,72,14,14,6,14,11,9,15,15,10,12,20
65978375,Женщина,36,Город с численностью от 100 тысяч до 500 тысяч,Высшее,10-15 лет,5-10 лет,"Продажи, закупки;",До 50 человек,руководитель,100,15 000 — 30 000,Нет,5,6,4,7,7,5,6,5,7,7,5,1,5,6,6,5,4,4,5,6,7,7,5,4,5,7,7,3,4,6,1,2,6,5,2,5,5,5,1,4,4,2,4,1,3,6,6,3,4,5,4,4,1,4,4,4,2,2,2,2,1,3,2,3,2,2,2,2,2,2,2,2,2,1,3,2,2,2,3,3,2,3,1,5,3,5,4,5,5,5,5,5,1,5,5,5,5,3,5,3,5,3,70,78,55,53,12,11,6,10,9,9,17,20,11,15,19
65978315,Женщина,38,Москва,Неоконченное высшее,10-15 лет,0-1 года,"it, консалтинговые услуги",До 500 человек,менеджер,80,30 000 — 60 000,Да,7,7,7,7,6,7,7,6,7,7,4,4,5,6,5,4,6,7,7,6,7,2,4,6,6,6,5,5,6,7,4,4,5,6,4,5,6,5,5,4,4,6,7,6,6,6,4,6,5,7,4,7,6,4,7,5,3,3,3,3,2,4,4,3,4,4,4,3,3,3,3,3,4,3,2,2,2,2,2,1,2,1,2,4,4,3,3,5,3,5,4,5,1,2,4,3,4,5,3,3,4,4,81,77,76,80,18,19,9,15,8,6,14,17,8,11,19
65978293,Женщина,42,Город с численностью от 100 тысяч до 500 тысяч,Неоконченное высшее,20 + лет,3-5 лет,Медицина;,До 1000 человек,...,80,15 000 — 30 000,Нет,7,7,7,7,2,7,7,7,7,7,7,2,7,7,7,7,5,2,7,7,7,7,7,7,7,7,6,6,7,7,7,6,2,2,6,4,7,2,6,2,5,3,7,6,6,5,7,1,4,7,2,7,7,2,7,6,2,1,4,3,2,4,3,4,3,2,4,4,3,3,4,4,3,3,4,3,2,1,2,3,2,2,1,3,2,2,3,4,4,4,4,4,3,4,4,4,4,5,4,4,4,4,81,90,72,74,16,16,10,18,8,8,10,16,11,12,21
65978274,Женщина,46,Москва,Неоконченное высшее,20 + лет,5-10 лет,Торговля;,До 1000 человек,продавец,42000,30 000 — 60 000,Нет,6,3,3,3,4,2,5,5,6,6,3,4,2,5,2,7,6,5,4,6,4,6,3,3,3,4,3,6,3,5,3,1,3,6,4,7,6,7,6,5,4,1,4,2,1,6,4,6,5,2,5,2,4,5,3,2,2,2,4,2,2,2,2,4,4,2,2,2,4,3,3,2,2,2,2,2,2,4,2,2,3,2,4,4,3,3,4,3,3,4,2,4,3,2,3,3,4,3,3,3,3,3,52,61,67,51,14,14,9,11,10,11,14,12,9,10,15
65978269,Мужчина,34,Город с численностью жителей миллион и более человек,Высшее,5-10 лет,3-5 лет,"Продажи, закупки;",1000+ человек,Администратор,70,100 000 — 150 000,Нет,5,5,3,4,5,6,5,5,5,5,4,3,5,5,5,6,4,5,5,5,2,3,5,5,5,5,5,5,4,3,4,5,4,5,5,3,4,5,5,2,4,5,5,5,2,6,6,4,4,6,3,1,3,2,5,5,1,1,3,2,3,3,2,4,3,2,2,1,3,3,2,2,3,3,3,2,2,4,4,2,1,3,4,3,2,2,3,2,3,4,2,5,5,4,4,4,4,4,4,1,4,4,60,65,63,57,13,13,7,13,12,10,10,11,14,12,17
65978197,Женщина,35,Город с численностью от 500 тысяч до 950 тысяч,Высшее,5-10 лет,3-5 лет,Администрация,До 50 человек,Ведущий специалист,60,15 000 — 30 000,Да,6,7,6,4,1,5,6,3,7,7,5,7,7,5,7,7,1,3,7,7,7,7,7,7,7,7,7,6,5,6,6,5,5,5,3,4,6,6,6,5,3,5,4,6,3,5,1,3,3,7,6,4,7,1,7,6,1,3,3,2,2,4,3,3,2,3,3,2,2,3,2,2,3,2,3,2,2,2,2,2,2,2,3,2,2,1,2,3,3,3,3,1,2,2,5,5,5,2,3,2,3,3,71,86,76,63,15,14,7,12,8,9,7,12,5,15,13
65978100,Женщина,49,Город с численностью от 500 тысяч до 950 тысяч,Высшее,20 + лет,1-3 года,Образование;,До 50 человек,преподаватель,90,60 000 — 100 000,Нет,5,5,7,5,5,5,5,5,6,5,6,7,6,5,5,6,4,4,6,5,1,5,7,5,6,5,7,4,6,6,4,6,4,6,5,4,6,5,5,3,6,5,4,4,4,5,2,4,4,5,5,5,5,4,5,5,2,4,3,2,2,3,2,3,2,3,3,2,2,4,4,4,2,3,3,2,3,3,2,2,2,1,1,3,3,3,3,4,4,5,3,3,4,5,5,5,4,4,4,3,4,3,72,71,75,61,16,13,8,16,10,6,12,16,12,14,18
65978068,Женщина,30,Город с численностью от 100 тысяч до 500 тысяч,Высшее,5-10 лет,5-10 лет,Медицина;,1000+ человек,врач,80,30 000 — 60 000,Нет,7,3,6,6,2,5,6,6,7,6,4,3,2,6,4,3,5,4,5,4,6,6,6,4,4,7,4,4,6,4,4,2,4,5,4,5,4,4,3,3,4,5,4,4,4,6,2,4,3,4,4,3,2,4,6,4,2,2,2,2,1,2,2,2,2,2,2,1,1,2,2,2,2,2,1,3,2,2,4,3,3,2,1,3,3,3,3,4,5,4,3,3,2,2,4,3,4,5,3,4,3,5,63,68,61,54,11,10,4,9,11,9,12,16,7,11,20
65978001,Женщина,44,Москва,Два и более высших и/или научная степень,15-20 лет,5-10 лет,кадастровые работы,До 50 человек,кадастровый инженер,100,30 000 — 60 000,Нет,7,7,6,7,6,7,6,6,6,6,6,4,4,7,6,6,4,2,7,4,6,6,6,5,5,5,5,5,4,4,4,1,5,5,2,6,6,6,5,4,5,5,6,3,6,6,7,7,5,5,2,1,1,6,5,5,1,2,2,2,1,2,2,3,1,2,3,2,1,3,3,2,2,2,3,2,2,2,3,2,1,2,2,2,2,2,2,3,3,3,3,1,1,1,4,4,3,4,3,2,3,3,78,74,67,65,10,11,6,12,9,7,8,12,3,11,15
65977987,Женщина,30,Москва,Высшее,10-15 лет,10-15 лет,"Продажи, закупки;",1000+ человек,менеджер,60,100 000 — 150 000,Нет,7,6,6,7,2,6,6,6,7,6,6,7,6,4,6,7,2,7,6,6,7,7,6,6,6,7,2,7,7,6,6,7,6,6,1,6,6,6,6,2,7,7,4,6,6,6,7,7,7,7,7,6,6,7,6,7,3,4,4,4,4,4,3,4,4,3,4,4,3,3,4,4,3,4,4,4,4,3,4,3,4,3,4,3,3,3,3,4,4,3,4,3,5,3,4,5,5,4,4,4,3,4,78,79,86,89,23,18,10,19,15,14,12,15,11,14,19
65977887,Женщина,50,Город с численностью от 500 тысяч до 950 тысяч,Неоконченное высшее,15-20 лет,1-3 года,Торговля;,1000+ человек,продавец-кассир,50,30 000 — 60 000,Нет,7,5,5,7,5,5,6,5,6,7,3,5,4,4,6,4,5,4,7,5,7,4,3,6,5,5,5,4,7,5,3,5,5,6,4,3,5,5,3,4,4,4,4,5,7,6,5,7,4,4,4,2,4,6,5,5,2,2,2,2,2,2,2,2,2,2,2,2,2,2,2,2,2,2,2,2,2,1,2,2,2,3,2,2,2,2,2,2,4,3,2,2,3,3,3,4,3,3,4,2,2,3,70,70,67,68,12,10,6,10,7,9,8,11,8,10,14
65977703,Мужчина,35,Город с численностью от 500 тысяч до 950 тысяч,Среднее общее (11 классов),10-15 лет,3-5 лет,Производство;,До 50 человек,бригадир,50,30 000 — 60 000,Да,6,7,7,4,1,6,7,6,6,6,7,5,6,6,7,6,4,4,5,4,6,3,6,6,6,5,4,7,7,6,6,4,5,5,5,3,6,6,7,4,6,6,4,5,6,6,4,4,5,7,7,7,3,3,5,5,4,3,4,2,3,4,3,4,4,4,4,2,3,2,3,4,3,3,1,4,4,2,2,3,4,2,2,3,2,3,3,4,4,3,5,4,2,5,5,4,4,5,4,5,5,5,74,72,83,71,20,19,7,14,12,11,11,16,11,13,24
65977657,Женщина,32,Город с численностью жителей миллион и более человек,Высшее,3-5 лет,3-5 лет,Обслуживание;,1000+ человек,оператор связи 1 коасса,80,15 000 — 30 000,Да,6,7,5,5,1,7,7,7,7,7,7,7,7,6,7,6,1,7,7,7,7,7,7,7,7,7,6,6,5,6,7,5,4,7,2,7,7,7,7,2,7,7,7,7,7,2,2,7,1,7,6,5,7,6,7,7,1,2,2,1,2,1,2,4,4,2,3,4,2,3,4,2,4,1,1,4,4,4,4,3,4,3,4,1,3,1,2,3,3,2,3,2,2,3,5,4,5,5,3,5,5,5,80,89,86,78,9,15,9,12,16,14,7,11,7,14,23
65977546,Мужчина,37,Город с численностью менее 50 тысяч,Высшее,15-20 лет,3-5 лет,Производство;,До 50 человек,Электромонтер,100,15 000 — 30 000,Нет,7,7,6,7,6,6,6,6,7,6,4,4,6,2,4,6,4,5,6,6,7,6,5,3,5,5,6,6,6,6,5,2,3,6,5,6,5,5,4,3,5,4,6,2,6,6,4,6,6,6,5,5,5,5,5,5,1,2,4,3,4,2,4,4,2,2,4,1,1,3,2,1,3,3,3,2,1,3,3,2,4,2,3,4,3,3,4,5,4,5,5,5,5,5,5,5,5,5,5,5,5,5,78,70,71,72,16,16,5,12,9,11,14,19,15,15,25
65977514,Женщина,37,Москва,Два и более высших и/или научная степень,5-10 лет,1-3 года,Образование;,До 500 человек,инженер,100,100 000 — 150 000,Да,6,7,7,7,3,6,5,5,6,7,4,4,5,7,4,5,7,5,6,5,6,6,2,5,6,5,7,6,4,6,4,4,4,4,5,2,5,6,7,4,5,6,5,2,6,4,4,7,2,5,4,4,2,6,2,6,1,2,2,3,1,2,3,3,3,3,2,3,3,3,3,2,3,2,2,2,3,2,3,2,2,3,2,4,4,4,5,4,5,5,2,4,5,5,5,4,5,4,4,4,3,4,72,76,72,59,11,14,9,12,10,9,17,16,14,14,19
65977503,Женщина,41,Город с численностью от 100 тысяч до 500 тысяч,Высшее,15-20 лет,5-10 лет,Архивная деятельность,До 500 человек,Документовед,100,15 000 — 30 000,Да,7,7,4,4,2,3,4,4,1,1,3,5,3,7,3,5,2,3,5,4,1,1,5,3,7,7,6,6,7,7,5,4,4,5,6,1,6,7,7,2,6,7,4,6,4,6,3,2,4,7,4,6,7,2,5,4,3,3,3,3,2,4,4,4,4,3,4,4,3,4,4,4,4,4,3,2,3,2,3,4,4,3,3,2,1,2,2,4,5,2,5,4,3,5,5,4,4,2,2,5,4,1,48,59,80,64,18,19,11,19,10,14,7,16,12,13,14
65977400,Женщина,40,Город с численностью от 500 тысяч до 950 тысяч,Неоконченное высшее,10-15 лет,3-5 лет,"Финансы, бухгалтерия, банки;",До 500 человек,старший менеджер- операционист,50,30 000 — 60 000,Да,3,3,3,5,6,3,5,5,5,3,4,4,3,5,4,3,5,4,3,4,6,5,3,2,4,7,5,4,3,2,3,3,5,5,5,5,4,5,2,4,3,3,5,6,4,3,3,3,3,5,4,5,3,3,1,5,2,2,2,2,3,3,2,3,3,3,3,2,2,2,3,3,2,3,3,2,2,2,2,2,2,3,2,3,4,3,4,4,4,4,4,2,4,3,4,3,3,3,4,3,4,2,52,60,56,53,14,14,6,14,8,9,14,16,9,10,16
65977277,Женщина,40,Город с численностью от 100 тысяч до 500 тысяч,Два и более высших и/или научная степень,15-20 лет,5-10 лет,Производство;,До 500 человек,проект менеджер,1000,100 000 — 150 000,Нет,7,7,7,5,5,6,7,6,5,7,6,3,7,6,6,6,7,6,6,6,5,5,5,5,5,5,5,6,6,6,6,4,6,5,5,2,6,6,3,3,6,6,6,6,6,6,3,7,6,6,6,6,3,6,2,6,3,4,4,3,3,3,4,3,3,3,3,3,3,3,3,3,3,3,3,2,3,2,4,4,4,3,4,5,5,5,5,5,5,5,4,5,5,5,5,5,5,5,5,5,5,5,78,78,76,75,20,16,9,15,11,15,20,19,15,15,25
65977145,Мужчина,29,Город с численностью от 500 тысяч до 950 тысяч,Среднее общее (11 классов),0-1 года,0-1 года,Производство;,До 500 человек,грузчик,45,30 000 — 60 000,Да,7,7,7,6,7,7,7,7,7,7,4,4,5,5,4,7,5,4,7,7,5,1,6,5,5,4,7,7,7,7,6,4,7,7,4,4,6,6,5,3,7,7,7,7,7,7,5,5,4,7,3,6,6,7,7,7,2,4,3,2,2,3,4,4,2,4,4,3,3,2,3,3,4,4,2,2,2,1,2,1,2,1,1,4,2,2,3,3,4,3,3,3,3,5,5,5,5,3,4,4,5,3,82,72,87,85,16,18,8,16,7,5,11,13,11,15,19
65977072,Женщина,28,Город с численностью жителей миллион и более человек,Два и более высших и/или научная степень,3-5 лет,0-1 года,Красота и здоровье;,До 500 человек,менеджер по связям с общественностью,15,15 000 — 30 000,Затрудняюсь ответить,6,6,5,5,5,7,5,6,6,5,7,4,4,4,6,5,3,6,5,4,4,3,6,4,4,5,2,5,5,6,4,6,5,3,4,5,5,4,4,5,3,5,6,3,2,6,2,2,6,4,3,3,4,5,4,4,2,3,2,3,4,2,4,3,3,2,3,2,1,2,4,4,4,4,3,1,1,1,2,2,1,1,2,1,1,1,2,3,2,4,2,3,2,4,4,4,3,3,3,4,3,3,71,61,69,54,16,15,5,19,5,6,5,11,9,11,16
65977025,Женщина,44,Город с численностью от 100 тысяч до 500 тысяч,Неоконченное высшее,15-20 лет,10-15 лет,консалтинговые услуги,1000+ человек,начальник архивного отдела,30,60 000 — 100 000,Да,7,7,7,7,7,7,7,7,6,6,7,7,4,7,7,2,1,7,7,7,6,1,7,7,7,5,5,2,7,7,7,7,4,4,7,3,7,7,7,4,4,5,7,7,7,7,7,1,5,5,3,7,7,7,7,7,3,4,2,4,2,3,4,4,4,4,4,4,4,2,4,4,4,4,4,4,2,4,4,2,2,3,2,2,2,3,1,1,1,2,1,1,1,3,3,4,3,5,3,3,2,5,86,76,82,84,18,20,10,20,14,9,8,5,5,10,18
65976981,Женщина,31,Город с численностью от 100 тысяч до 500 тысяч,Высшее,10-15 лет,5-10 лет,Обслуживание;,До 50 человек,Директор,18000,30 000 — 60 000,Нет,7,7,7,7,5,7,7,7,7,7,7,3,7,6,7,7,1,1,7,7,7,7,7,4,7,4,4,7,7,7,7,7,4,4,7,6,7,7,7,3,7,7,7,7,7,4,7,4,7,6,7,7,4,3,7,5,1,2,4,2,3,4,3,3,3,4,3,3,2,3,3,4,3,3,1,3,3,3,3,1,3,3,2,5,4,5,5,5,4,5,5,5,4,5,4,4,5,5,5,5,5,5,85,76,94,82,16,16,8,14,12,9,19,19,14,13,25
65976890,Мужчина,54,Москва,Высшее,20 + лет,20 + лет,Образование;,1000+ человек,преподаватель,85,60 000 — 100 000,Затрудняюсь ответить,7,7,7,7,5,6,6,6,7,7,5,3,6,5,7,6,4,3,6,6,6,4,4,4,4,6,5,6,7,6,6,6,6,3,5,4,5,5,3,2,6,5,7,5,6,6,2,6,2,7,6,5,2,6,4,6,3,3,3,3,3,4,3,4,2,3,3,2,2,1,4,3,3,4,2,2,3,2,3,4,3,1,2,3,3,4,2,5,3,4,4,3,3,4,5,5,5,4,4,4,3,4,79,70,75,70,19,15,5,16,10,10,12,16,10,15,19
65976839,Женщина,32,Поселок городского типа,Неоконченное высшее,10-15 лет,1-3 года,"Продажи, закупки;",До 50 человек,упровляющая,50,15 000 — 30 000,Да,6,6,5,2,2,7,6,6,4,4,4,4,6,5,5,6,2,2,6,6,4,3,4,6,6,3,3,6,6,5,5,4,3,1,5,2,6,6,7,4,5,6,6,6,6,7,7,5,6,7,5,6,5,2,6,6,2,3,3,1,3,3,2,2,3,2,3,3,2,1,2,2,2,2,3,2,2,2,3,2,1,4,3,2,3,1,2,3,2,1,4,2,5,3,2,5,2,2,4,3,5,2,62,61,71,80,15,12,6,11,9,10,8,10,10,9,16
65976783,Женщина,53,Город с численностью жителей миллион и более человек,Среднее общее (11 классов),15-20 лет,10-15 лет,Образование;,До 50 человек,Заведующий хозяйством,13000,0 — 15 000,Нет,5,5,6,5,4,4,5,4,6,6,4,4,6,2,5,6,4,3,5,3,5,4,6,5,5,6,3,5,5,6,5,5,3,6,5,4,5,5,6,5,5,5,5,4,5,6,5,5,5,5,5,4,6,4,5,5,2,2,2,2,2,2,2,2,3,2,2,2,2,4,2,2,2,2,2,2,2,2,2,2,2,1,2,2,2,2,2,3,4,5,1,4,2,3,5,5,5,5,4,4,4,5,64,62,75,69,12,11,8,10,8,7,8,13,9,15,22
65976620,Женщина,39,Село,Высшее,10-15 лет,5-10 лет,Медицина;,До 500 человек,медсестра,13000,15 000 — 30 000,Да,4,4,5,3,3,5,5,5,6,6,3,4,5,5,5,5,3,5,6,5,4,4,4,5,5,3,3,5,5,5,5,5,5,4,2,3,3,5,5,5,5,2,5,5,5,5,5,6,5,4,5,5,3,3,5,5,1,1,4,3,1,3,1,3,2,3,2,2,2,2,2,1,2,3,4,2,2,1,1,2,1,2,4,2,1,1,1,1,2,2,1,1,2,1,2,2,1,1,1,1,3,1,58,62,64,66,13,11,6,12,6,9,5,6,4,5,7
65976451,Женщина,37,Город с численностью от 100 тысяч до 500 тысяч,Высшее,10-15 лет,10-15 лет,Медицина;,1000+ человек,статистик,50,15 000 — 30 000,Нет,6,7,5,7,4,6,7,6,7,7,5,2,6,4,7,6,6,3,7,7,7,4,7,7,7,7,6,7,7,6,7,6,7,7,6,6,6,7,7,1,6,7,7,7,7,7,7,6,4,6,7,7,6,6,6,7,2,3,2,3,4,2,2,4,2,3,2,1,2,1,4,2,1,2,1,3,2,2,4,4,4,2,2,3,3,3,3,4,3,3,5,5,5,5,5,5,5,5,5,5,5,5,75,85,93,90,16,13,4,10,11,12,12,15,15,15,25
65976401,Мужчина,43,Город с численностью от 100 тысяч до 500 тысяч,Высшее,20 + лет,15-20 лет,Производство;,До 500 человек,Начальник участка,30,60 000 — 100 000,Нет,5,7,5,6,6,7,7,7,7,7,6,5,6,6,5,5,3,5,6,5,6,5,7,6,6,6,6,5,6,5,6,2,6,6,2,3,6,6,6,4,6,5,6,6,7,6,5,4,5,6,6,6,6,7,6,7,1,2,3,3,3,3,3,3,3,3,3,3,3,4,3,2,3,3,3,2,3,2,3,2,3,2,3,3,2,3,5,3,3,4,5,4,3,3,4,4,4,4,4,3,4,4,81,77,74,83,15,15,10,14,10,10,13,15,10,12,19
65976394,Мужчина,43,Город с численностью от 500 тысяч до 950 тысяч,Высшее,20 + лет,20 + лет,МЧС России,1000+ человек,Старший помощник начальника дежурной смены,100,60 000 — 100 000,Нет,7,7,7,7,1,7,7,7,7,7,7,1,7,7,7,7,1,7,7,7,7,7,7,7,7,7,7,7,7,7,7,1,7,7,4,7,7,7,7,1,7,2,7,7,7,7,7,7,1,7,7,7,4,6,7,7,1,3,4,1,1,4,2,3,1,2,4,1,2,1,4,1,3,3,1,1,1,2,4,1,2,3,2,1,1,1,1,1,1,3,5,1,1,1,5,5,3,5,1,5,3,5,79,92,85,88,14,12,4,12,8,8,4,10,3,13,19
65976275,Женщина,33,Город с численностью от 50 тысяч до 100 тысяч,Высшее,10-15 лет,5-10 лет,"Финансы, бухгалтерия, банки;",1000+ человек,кредитный аналитик,90,30 000 — 60 000,Нет,6,5,5,5,5,5,5,4,7,5,4,5,5,5,5,5,5,7,5,5,7,5,5,4,5,5,6,6,4,5,5,4,4,4,3,5,3,3,5,4,4,4,5,4,3,3,3,5,4,5,5,5,1,4,5,5,2,2,3,2,3,2,2,2,2,1,2,2,2,2,2,2,2,2,1,3,2,1,2,2,2,2,3,3,2,3,3,3,4,3,4,2,4,2,5,4,5,4,2,3,3,5,66,74,63,57,14,9,6,9,8,9,11,14,8,14,17
65976258,Мужчина,25,Город с численностью от 50 тысяч до 100 тысяч,Неоконченное высшее,3-5 лет,0-1 года,Производство;,До 50 человек,Машинист,40,30 000 — 60 000,Нет,6,6,6,6,5,7,6,6,6,5,6,4,6,5,6,5,4,3,6,7,1,5,6,7,6,4,4,6,7,6,6,6,4,3,6,5,6,7,6,3,5,5,7,5,5,5,7,2,5,6,4,6,6,5,6,6,4,2,3,2,4,4,2,2,3,2,2,3,2,3,2,3,3,3,2,3,3,2,2,2,2,1,2,4,5,4,4,5,5,5,5,3,5,5,5,5,5,4,5,4,5,5,75,69,81,75,19,11,8,13,10,7,17,20,13,15,23
65976226,Мужчина,40,Город с численностью от 100 тысяч до 500 тысяч,Высшее,15-20 лет,15-20 лет,Производство;,До 50 человек,инженер,70,15 000 — 30 000,Да,6,7,6,6,5,6,5,6,6,7,5,4,4,3,6,6,5,3,7,5,6,2,6,6,5,5,6,6,7,6,5,4,6,5,4,5,5,3,2,4,4,5,5,4,6,6,5,5,5,7,5,4,5,5,5,6,2,2,3,2,3,3,3,3,3,3,3,2,3,3,3,2,3,2,3,3,2,2,3,1,2,1,2,1,1,1,2,2,3,2,2,2,4,3,5,4,5,5,2,4,2,3,73,71,71,73,15,15,8,13,10,6,5,9,9,14,16
65976201,Мужчина,48,Поселок городского типа,Неоконченное высшее,5-10 лет,0-1 года,Обслуживание;,До 50 человек,рабочий,50,15 000 — 30 000,Да,6,5,5,5,3,5,5,5,6,5,5,3,5,5,6,5,5,5,5,5,4,4,5,4,5,4,5,5,7,5,5,5,5,5,4,3,5,5,5,3,5,5,5,5,5,5,3,5,5,5,5,5,4,3,5,5,4,3,3,4,4,3,4,4,4,3,4,3,3,4,2,4,4,3,4,3,2,3,4,4,4,3,3,4,3,5,3,4,4,4,3,4,3,2,4,4,4,3,4,4,4,4,63,67,72,65,21,19,10,17,12,14,15,15,9,12,19
65976089,Мужчина,37,Город с численностью жителей миллион и более человек,Неоконченное высшее,10-15 лет,3-5 лет,Обслуживание;,До 500 человек,Начальник отдела,50,60 000 — 100 000,Нет,7,7,7,7,3,7,7,7,7,7,7,1,7,6,6,5,1,2,7,6,6,7,7,7,7,5,7,6,7,7,5,6,7,7,2,4,7,7,7,1,7,7,7,7,6,3,6,2,5,7,7,7,7,7,7,7,1,2,2,1,2,2,2,2,3,2,2,1,2,1,2,2,2,2,2,3,2,2,2,2,1,2,4,5,5,5,5,5,5,5,4,5,3,5,5,4,5,5,3,5,5,5,81,79,87,85,10,11,4,10,9,9,20,19,13,14,23
65976054,Женщина,46,Город с численностью от 100 тысяч до 500 тысяч,Высшее,15-20 лет,10-15 лет,"Финансы, бухгалтерия, банки;",До 1000 человек,Бухгалтер,100,30 000 — 60 000,Нет,7,7,7,7,6,7,7,7,7,1,7,7,4,7,7,6,1,7,7,7,6,1,7,7,7,7,7,7,7,7,7,7,6,7,4,7,7,7,7,7,2,2,7,7,7,7,1,7,7,6,2,7,7,7,7,7,2,2,3,2,1,2,2,4,3,3,4,4,2,4,4,4,4,3,4,4,2,2,4,2,3,2,2,3,2,3,4,3,2,3,3,3,3,4,4,4,4,4,3,3,4,3,81,84,91,86,12,16,10,19,12,9,12,11,10,12,17
65975743,Женщина,38,Город с численностью от 500 тысяч до 950 тысяч,Среднее общее (11 классов),15-20 лет,5-10 лет,"Продажи, закупки;",До 50 человек,риэлтор,-1,15 000 — 30 000,Да,7,7,7,6,6,7,6,6,7,6,1,4,1,6,5,4,1,3,6,1,7,1,7,1,7,4,4,7,7,7,4,6,4,4,4,1,7,5,7,4,4,6,1,1,1,1,1,3,1,5,1,6,1,1,1,4,1,2,2,4,1,2,2,3,2,1,3,3,1,3,2,2,1,2,4,3,2,1,2,3,3,3,2,1,1,1,1,1,3,1,1,1,1,1,4,3,3,4,4,5,1,5,71,57,77,28,12,11,7,11,8,11,4,6,3,10,19
65975733,Мужчина,51,Город с численностью жителей миллион и более человек,Два и более высших и/или научная степень,20 + лет,10-15 лет,Образование;,До 500 человек,Руководитель подразделения,70,100 000 — 150 000,Нет,7,7,7,7,7,4,5,5,4,3,5,7,7,7,3,3,4,1,6,6,7,1,7,5,7,4,4,7,6,7,7,6,2,4,1,4,7,6,7,3,5,6,6,6,7,7,6,4,5,7,6,4,6,7,7,7,1,4,2,2,1,4,2,3,4,4,4,3,2,2,4,4,4,4,4,3,1,1,2,4,2,2,2,5,5,5,5,4,5,5,4,4,1,5,4,4,5,3,3,3,3,3,75,65,78,85,14,17,7,20,7,10,20,18,10,13,15
65975279,Женщина,32,Город с численностью жителей миллион и более человек,Высшее,10-15 лет,5-10 лет,Торговля;,1000+ человек,оператор,100,30 000 — 60 000,Нет,7,6,6,3,6,6,6,6,7,2,5,6,6,5,6,6,2,2,6,7,2,2,2,5,6,2,2,5,6,6,7,5,1,2,5,2,5,5,5,1,7,5,6,7,6,5,7,2,2,5,5,6,6,2,6,6,2,4,4,3,3,4,2,4,4,3,2,2,4,4,3,3,3,2,4,2,3,2,3,4,3,3,2,5,5,5,5,5,5,5,3,5,4,1,5,5,5,5,5,5,5,5,72,55,67,71,20,15,10,15,10,12,20,18,10,15,25
65975098,Женщина,37,Город с численностью менее 50 тысяч,Среднее общее (11 классов),10-15 лет,0-1 года,"Продажи, закупки;",До 50 человек,продавец,25,15 000 — 30 000,Затрудняюсь ответить,5,5,5,4,4,5,4,5,4,1,4,3,4,4,4,5,3,3,5,7,7,5,4,4,5,3,3,5,4,4,4,4,5,4,3,4,4,4,5,4,5,5,4,4,3,4,4,1,4,5,4,4,3,5,4,5,2,2,2,2,1,2,4,2,2,2,2,1,2,1,2,2,2,2,4,2,3,1,4,2,3,3,2,3,3,3,2,4,3,3,5,3,5,3,3,3,3,4,3,3,3,3,53,62,64,54,11,12,4,12,10,10,11,15,11,9,16
65975018,Женщина,35,Москва,Высшее,15-20 лет,15-20 лет,Медицина;,1000+ человек,руководитель,75,150 000 — 200 000,Нет,7,7,7,7,5,7,7,7,7,7,7,3,7,5,7,5,2,3,7,7,7,7,7,7,5,7,7,7,7,7,4,7,7,7,4,5,7,6,6,1,7,7,7,7,7,5,5,4,4,7,7,7,5,4,5,5,3,3,3,3,2,4,4,3,3,3,3,3,3,3,3,3,3,3,3,2,2,2,2,2,3,2,1,4,4,4,4,5,4,5,4,5,5,5,5,5,5,5,5,3,5,5,85,83,89,79,18,16,9,15,8,8,16,18,15,15,23
65974993,Мужчина,52,Санкт-Петербург,Неоконченное высшее,15-20 лет,5-10 лет,инженерия,До 500 человек,электромеханик,69,30 000 — 60 000,Да,7,7,6,5,3,6,6,6,7,7,6,6,5,6,5,5,3,4,6,6,6,2,4,2,5,4,5,6,6,6,5,6,3,2,6,4,6,6,5,2,4,6,4,4,4,5,6,2,4,6,5,5,6,5,6,6,3,3,3,3,3,4,2,3,2,4,3,2,3,3,2,3,2,3,3,3,3,2,3,3,3,2,3,2,2,1,3,2,5,3,4,2,3,2,4,4,4,4,3,4,4,5,77,63,73,68,19,14,8,13,11,11,8,14,7,12,20
65974803,Женщина,37,Москва,Высшее,15-20 лет,0-1 года,"Финансы, бухгалтерия, банки;",До 500 человек,менеджер,100,30 000 — 60 000,Нет,5,7,5,4,4,6,6,5,7,6,5,5,4,6,5,5,4,6,6,5,6,5,5,5,5,5,6,5,5,5,5,4,3,6,4,5,5,5,3,4,5,5,5,2,5,6,5,6,6,4,4,5,6,6,5,5,3,3,4,3,3,4,2,3,2,3,2,3,3,3,3,4,3,2,2,2,2,2,2,3,2,1,2,5,5,4,4,4,4,4,3,4,2,5,4,3,4,5,4,5,4,4,69,74,69,70,20,12,9,14,8,8,18,15,11,11,22
65974778,Мужчина,42,Город с численностью жителей миллион и более человек,Высшее,20 + лет,3-5 лет,Торговля;,До 50 человек,руководитель отдела,100,30 000 — 60 000,Нет,7,7,7,7,6,7,7,7,7,7,6,7,7,7,7,7,1,6,7,7,5,7,6,7,7,7,6,7,7,7,4,7,4,7,6,4,7,7,7,1,7,7,7,1,4,6,2,4,6,6,6,7,7,5,7,7,4,4,4,4,4,4,4,4,4,4,4,4,4,4,4,4,4,4,4,3,4,4,4,3,2,4,4,5,5,5,5,5,4,5,5,5,5,5,5,5,5,5,5,5,5,5,89,87,89,75,24,20,12,20,15,13,20,19,15,15,25
65974705,Мужчина,28,Город с численностью жителей миллион и более человек,Неоконченное высшее,3-5 лет,3-5 лет,Обслуживание;,1000+ человек,слесарь эрго,20000,15 000 — 30 000,Нет,6,6,7,2,5,6,6,7,7,7,6,5,6,6,6,6,3,2,6,7,6,5,5,6,6,2,4,6,6,6,4,1,6,7,4,2,6,4,4,2,6,6,7,4,3,6,4,7,3,5,6,5,4,5,4,6,3,1,3,3,3,3,2,2,2,2,3,3,2,2,2,3,2,2,3,1,2,1,1,2,2,3,3,4,4,5,4,4,3,4,4,3,5,3,4,5,4,4,4,5,3,3,76,70,70,69,16,11,7,12,5,10,17,15,11,13,19
65974581,Женщина,42,Город с численностью от 100 тысяч до 500 тысяч,Высшее,20 + лет,0-1 года,Производство;,До 500 человек,специалист по кадрам,50,30 000 — 60 000,Нет,6,7,7,7,3,7,7,5,7,7,7,6,7,7,7,2,3,6,6,7,6,5,4,7,2,6,6,2,2,7,6,6,6,3,4,3,7,5,7,2,7,6,7,2,2,6,7,6,4,5,2,5,6,6,6,2,1,3,3,4,3,4,3,4,2,4,2,2,3,3,3,3,3,3,4,3,2,2,2,2,3,2,3,5,5,5,5,3,5,4,3,2,3,3,5,4,5,4,5,4,4,3,83,74,73,66,18,15,8,16,9,10,20,15,8,14,20
65974563,Мужчина,53,Город с численностью менее 50 тысяч,Среднее общее (11 классов),20 + лет,15-20 лет,строительство,До 50 человек,рабочий,90,15 000 — 30 000,Нет,6,6,6,2,2,6,6,5,2,2,6,5,6,6,6,6,2,2,6,6,2,2,6,6,6,3,3,5,5,6,6,6,2,2,6,2,5,6,6,6,6,6,6,6,6,6,6,4,6,5,6,6,4,3,6,6,3,3,3,3,3,3,3,3,3,3,3,3,3,3,3,3,3,3,3,3,3,3,3,3,3,3,3,4,3,3,4,4,4,4,4,4,2,2,4,4,5,4,4,4,4,4,60,62,75,76,18,15,9,15,12,12,14,16,8,13,20
65974467,Женщина,27,Город с численностью жителей миллион и более человек,Высшее,3-5 лет,1-3 года,Образование;,До 500 человек,учитель - дефектолог,100,15 000 — 30 000,Нет,6,6,6,5,6,6,6,6,7,7,3,4,6,5,5,5,3,3,6,6,4,6,5,3,5,4,6,5,6,4,5,4,6,5,4,3,5,6,5,2,5,6,5,5,4,4,3,3,3,3,4,4,3,3,4,4,2,4,3,2,2,2,2,2,3,2,3,1,1,2,2,1,3,1,3,2,1,2,2,2,2,3,2,2,1,2,1,1,1,2,2,1,3,3,3,3,2,4,3,4,4,3,74,66,71,52,15,12,4,10,7,9,6,6,7,8,18
65974372,Женщина,43,Город с численностью от 100 тысяч до 500 тысяч,Высшее,20 + лет,15-20 лет,Образование;,До 500 человек,специалист,30,30 000 — 60 000,Затрудняюсь ответить,6,5,5,5,5,6,6,5,5,5,5,4,6,5,5,5,2,3,6,6,5,4,5,5,5,4,4,5,6,5,5,5,5,5,5,5,5,5,5,5,4,4,5,4,4,5,4,5,4,4,4,4,3,4,5,5,2,3,3,3,2,3,3,3,3,3,3,3,3,4,3,3,3,3,2,3,2,2,2,2,2,2,2,1,1,1,1,2,2,2,2,2,2,3,3,3,3,3,4,3,4,3,68,64,74,60,16,15,10,14,9,8,4,8,7,9,17
65974271,Мужчина,48,Город с численностью от 100 тысяч до 500 тысяч,Высшее,15-20 лет,10-15 лет,Производство;,До 50 человек,рабочий,70,15 000 — 30 000,Нет,6,6,6,6,2,7,6,6,7,6,6,5,6,6,6,6,3,4,6,6,7,4,4,4,6,4,6,6,6,5,4,6,2,4,2,2,5,4,5,4,6,5,6,4,5,5,6,2,5,6,6,6,4,4,4,5,1,4,3,3,4,3,4,4,4,4,4,4,3,4,4,3,4,4,4,4,4,2,4,2,4,4,4,5,4,4,3,4,3,3,3,5,2,3,5,4,5,3,3,4,5,4,75,72,66,68,18,20,11,19,14,14,16,13,10,14,19
65973970,Мужчина,41,Город с численностью от 50 тысяч до 100 тысяч,Высшее,15-20 лет,1-3 года,Производство;,До 500 человек,токарь,75,30 000 — 60 000,Да,7,6,5,2,3,6,7,7,6,4,5,7,4,6,5,6,2,4,5,5,2,5,5,5,4,5,1,5,7,5,5,6,5,6,5,3,7,6,6,5,6,6,6,5,6,7,7,3,5,6,7,6,4,5,6,7,3,3,4,4,3,2,4,4,4,4,3,2,3,2,4,3,4,4,3,4,4,1,4,4,3,4,4,1,1,1,1,3,2,3,5,1,1,3,5,5,4,3,5,4,5,4,69,60,83,80,19,19,7,18,13,15,4,13,5,14,21
65973932,Женщина,53,Город с численностью от 500 тысяч до 950 тысяч,Высшее,20 + лет,20 + лет,Медицина;,До 500 человек,врач,80,15 000 — 30 000,Нет,7,7,7,7,5,7,7,7,7,7,7,1,7,7,7,7,1,6,7,7,7,7,7,2,7,7,7,6,7,7,4,6,6,7,4,4,7,6,5,4,7,7,6,2,6,2,6,3,2,7,5,5,3,4,2,7,1,1,2,2,2,2,2,3,3,2,2,2,2,3,3,4,3,2,4,3,1,3,3,2,4,2,3,1,1,1,1,4,1,3,4,3,5,5,5,5,5,4,4,3,3,3,83,86,87,60,10,12,7,16,10,11,4,12,13,15,17
65973892,Мужчина,55,Город с численностью от 50 тысяч до 100 тысяч,Высшее,20 + лет,15-20 лет,Медицина;,1000+ человек,Инженер-программист,100,30 000 — 60 000,Нет,6,5,6,5,4,5,5,6,6,5,5,3,4,4,5,5,3,3,5,5,5,5,5,5,5,4,4,5,6,5,4,6,4,6,5,6,6,5,3,4,4,6,5,5,5,5,5,5,5,5,5,5,4,5,4,6,2,3,3,3,3,3,3,3,3,3,3,2,3,3,3,3,3,3,3,3,2,2,2,2,2,2,3,3,3,3,3,4,3,4,4,3,3,4,4,4,4,4,4,5,4,4,65,63,75,69,17,15,8,15,9,9,12,15,10,12,21
65973496,Мужчина,51,Город с численностью от 500 тысяч до 950 тысяч,Высшее,20 + лет,3-5 лет,Производство;,До 500 человек,специалист,500000,30 000 — 60 000,Нет,4,4,4,3,4,4,2,4,3,4,4,3,3,4,4,2,3,5,4,4,3,4,3,5,3,5,5,3,4,3,3,3,4,6,4,3,4,4,3,4,3,4,3,4,3,2,3,5,2,4,3,5,5,4,4,5,2,3,1,4,2,2,3,3,2,2,3,2,3,3,3,3,2,2,2,3,2,2,1,2,2,3,2,4,4,3,4,3,4,2,4,3,3,3,4,3,4,3,2,3,3,2,46,54,55,52,14,13,8,12,8,9,15,13,9,11,13
65973381,Мужчина,48,Санкт-Петербург,Высшее,20 + лет,10-15 лет,Обслуживание;,До 50 человек,Руководитель,50,60 000 — 100 000,Нет,7,7,7,7,7,7,7,7,7,7,4,6,6,7,6,6,1,1,7,7,6,6,7,7,6,6,6,6,7,6,5,7,5,6,6,6,4,4,2,4,6,7,3,2,2,2,7,2,2,3,2,7,2,2,7,7,3,3,4,4,4,4,4,4,4,3,4,4,3,2,4,4,4,4,4,3,2,2,3,2,2,2,1,3,2,2,3,4,3,3,4,1,4,2,3,2,2,5,5,5,5,5,86,79,81,50,22,19,9,20,10,7,10,14,7,7,25
65973235,Женщина,35,Город с численностью от 500 тысяч до 950 тысяч,Среднее общее (11 классов),15-20 лет,0-1 года,Красота и здоровье;,До 50 человек,мастер маникюра,0,15 000 — 30 000,Затрудняюсь ответить,6,6,6,7,7,4,2,1,7,7,2,1,2,5,6,2,2,7,1,1,7,7,6,1,5,7,7,4,2,5,2,4,7,3,1,7,6,6,6,2,4,6,1,1,1,1,1,2,1,5,4,4,4,6,4,1,1,2,2,2,2,2,2,3,3,2,3,2,1,1,1,2,3,2,2,2,2,1,3,3,3,3,1,4,4,3,4,5,5,5,4,5,5,5,5,5,5,5,4,5,5,5,58,64,65,36,11,13,4,10,8,10,15,19,15,15,24
65973169,Женщина,31,Город с численностью жителей миллион и более человек,Высшее,5-10 лет,1-3 года,Медицина;,1000+ человек,главный специалист,100,30 000 — 60 000,Нет,6,3,3,4,6,3,5,2,7,6,5,3,3,6,6,3,3,6,4,4,5,5,3,4,4,5,5,5,5,6,5,3,4,3,3,1,5,3,3,1,4,3,5,3,5,4,4,7,3,3,4,3,4,2,4,7,2,4,2,3,4,3,1,3,3,3,3,4,2,4,3,2,2,2,3,2,3,2,2,2,2,1,2,4,3,2,3,3,4,5,2,3,2,4,5,5,5,4,3,4,4,3,56,63,54,58,18,13,10,12,9,7,12,14,9,15,18
65972921,Мужчина,52,Город с численностью от 500 тысяч до 950 тысяч,Неоконченное высшее,20 + лет,20 + лет,Торговля;,До 50 человек,Владелец бизнеса,99,60 000 — 100 000,Нет,6,6,7,7,7,7,4,6,7,7,7,1,6,1,7,5,2,2,7,5,7,6,7,6,7,7,7,7,7,7,7,5,7,7,4,7,6,6,5,1,6,6,4,7,7,3,5,7,7,7,6,7,7,6,6,7,2,2,2,2,2,3,3,3,4,4,4,3,3,3,3,3,4,3,4,4,2,2,3,2,3,1,2,5,5,5,5,5,5,5,5,5,3,5,5,4,5,5,3,4,3,5,78,76,88,86,13,18,9,17,11,8,20,20,13,14,20
65972829,Женщина,32,Город с численностью от 500 тысяч до 950 тысяч,Высшее,15-20 лет,5-10 лет,Торговля;,До 500 человек,территориальный менеджер,100,30 000 — 60 000,Да,6,6,6,6,6,5,6,5,6,6,4,5,4,3,5,6,4,6,6,5,6,4,4,4,5,4,5,6,5,5,4,6,5,6,6,5,6,4,4,3,5,6,5,4,5,5,5,6,5,6,5,6,4,5,4,4,3,3,3,2,4,2,2,3,3,3,3,3,2,3,3,3,3,3,3,3,2,2,3,3,2,2,1,4,4,4,5,5,5,5,1,5,5,5,5,5,5,4,5,5,5,5,71,67,76,69,17,14,8,15,10,8,17,16,15,15,24
65972753,Мужчина,34,Город с численностью от 500 тысяч до 950 тысяч,Среднее общее (11 классов),10-15 лет,5-10 лет,"Культура, искусство",До 500 человек,Гардеробщик,100,15 000 — 30 000,Да,7,1,7,7,7,2,1,3,4,6,4,1,4,1,5,1,6,1,1,1,4,2,4,5,3,6,7,6,7,7,1,7,7,7,7,1,6,4,3,6,2,4,3,1,4,2,2,7,2,2,1,1,4,4,2,4,1,4,3,3,2,3,4,2,3,3,4,3,4,2,4,3,3,3,4,2,1,1,3,1,1,3,2,5,5,5,5,3,3,4,5,1,4,4,3,5,2,2,5,5,1,2,54,47,75,39,16,16,9,17,7,7,20,15,9,10,15
65972685,Женщина,31,Город с численностью жителей миллион и более человек,Неоконченное высшее,5-10 лет,3-5 лет,Производство;,1000+ человек,Полировщик,40000,30 000 — 60 000,Нет,7,7,7,7,3,7,7,7,7,7,7,7,7,7,7,5,1,7,7,7,7,1,7,7,7,5,7,7,5,7,7,7,7,6,4,4,7,7,7,4,7,4,7,4,7,7,7,7,4,7,7,7,7,1,7,7,3,4,4,4,3,4,3,2,3,3,2,3,3,3,3,4,3,3,3,3,2,3,3,4,2,2,2,5,5,5,5,5,5,4,3,3,3,3,5,5,5,5,4,5,5,3,87,82,90,86,22,13,9,16,11,10,20,17,9,15,22
65972524,Женщина,30,Город с численностью жителей миллион и более человек,Высшее,10-15 лет,1-3 года,"Продажи, закупки;",До 50 человек,менеджер,50,30 000 — 60 000,Затрудняюсь ответить,7,6,4,6,6,7,7,4,7,7,4,4,4,6,5,6,2,4,6,4,5,4,4,4,6,4,6,6,7,6,6,4,4,4,4,3,5,6,4,2,5,5,7,5,5,6,6,7,4,5,4,5,4,4,3,4,3,4,3,3,2,3,2,2,2,3,3,3,3,3,2,3,3,3,4,2,1,1,2,3,2,1,1,4,3,4,5,4,4,4,4,4,4,4,4,4,4,4,4,4,5,4,73,66,71,69,18,12,9,15,6,7,16,16,12,12,21
65972497,Женщина,29,Москва,Высшее,10-15 лет,0-1 года,"Финансы, бухгалтерия, банки;",До 500 человек,менеджер по обслуживанию клиентов,70,30 000 — 60 000,Да,7,7,5,4,5,7,6,5,7,7,4,2,5,5,4,6,5,5,6,6,7,7,5,5,5,5,7,6,6,6,4,5,7,7,4,4,5,4,5,3,5,6,5,4,3,4,5,6,3,5,6,5,5,6,4,3,2,4,3,2,4,3,3,3,3,2,3,3,3,4,2,3,3,2,4,3,3,2,3,3,4,3,3,4,5,4,4,4,3,5,5,4,4,4,5,5,5,5,4,4,5,4,71,78,77,64,18,14,10,14,11,13,17,17,12,15,22
65972489,Женщина,49,Город с численностью от 100 тысяч до 500 тысяч,Высшее,20 + лет,20 + лет,Образование;,До 500 человек,Преподаватель,90,60 000 — 100 000,Нет,6,5,5,5,5,6,6,4,5,5,6,4,6,6,5,5,5,5,6,5,5,5,7,4,6,5,6,5,6,6,5,6,6,5,5,5,6,6,6,4,5,6,6,3,6,6,4,5,6,7,7,6,6,5,7,6,2,2,2,2,2,2,3,3,3,3,3,3,3,3,2,3,3,2,2,2,2,2,3,2,3,1,2,4,3,3,4,4,4,4,4,3,5,4,4,4,5,5,4,4,4,5,68,75,82,80,12,15,9,12,9,8,14,16,12,13,22
65972479,Женщина,48,Москва,Высшее,20 + лет,15-20 лет,"Финансы, бухгалтерия, банки;",До 50 человек,главный бухгалтер,100,60 000 — 100 000,Нет,5,2,2,7,5,1,1,1,3,2,1,1,2,3,1,4,4,6,4,2,5,5,5,4,6,4,6,2,4,4,2,5,2,5,3,6,2,5,4,3,3,3,1,2,2,1,5,3,2,6,3,3,2,5,4,4,2,3,3,3,3,4,3,3,3,3,3,2,2,2,3,3,3,3,3,3,3,3,3,2,2,3,2,4,4,5,4,5,5,4,5,3,3,4,5,5,5,1,3,2,2,3,33,59,53,43,18,15,6,15,12,9,17,19,10,15,11
65972469,Женщина,31,Город с численностью от 100 тысяч до 500 тысяч,Среднее общее (11 классов),5-10 лет,3-5 лет,Обслуживание;,До 50 человек,менеджер,90,15 000 — 30 000,Да,7,5,5,4,4,5,5,3,4,5,5,5,5,4,4,5,2,1,4,6,5,4,4,5,1,2,5,3,5,5,7,1,3,1,4,3,3,3,5,6,4,6,5,6,6,4,3,2,7,4,4,6,3,3,3,6,2,3,3,4,4,4,2,4,3,3,2,1,4,4,2,2,2,3,2,4,2,1,2,3,4,1,3,3,2,2,5,2,5,4,1,2,3,1,4,3,4,2,3,3,3,2,62,52,59,62,20,14,9,11,9,11,12,12,6,11,13
65972461,Женщина,29,Санкт-Петербург,Высшее,5-10 лет,5-10 лет,Транспорт;,1000+ человек,ведущий специалист,43000,60 000 — 100 000,Затрудняюсь ответить,5,6,5,4,5,5,5,4,6,6,5,2,4,6,5,5,6,5,6,6,5,3,7,7,6,7,7,5,5,5,4,4,4,4,4,5,5,4,4,4,4,5,6,4,6,7,5,4,3,5,4,7,6,3,6,4,2,2,2,2,2,3,3,3,3,2,3,3,2,3,3,3,3,2,4,3,2,2,3,2,2,2,2,3,4,3,3,3,4,3,3,4,3,5,5,4,4,3,3,3,4,4,62,81,66,70,13,14,8,15,10,8,13,13,12,13,17
65972453,Женщина,38,Город с численностью от 500 тысяч до 950 тысяч,Высшее,15-20 лет,1-3 года,Медицина;,1000+ человек,специалист по кадрам,30,30 000 — 60 000,Нет,7,7,7,7,5,7,6,6,7,7,7,2,4,6,6,5,3,5,7,6,7,7,7,6,6,6,7,5,4,4,6,2,5,5,3,6,6,6,6,4,4,6,6,4,6,7,6,6,6,7,3,6,4,7,6,6,1,2,2,2,1,3,3,4,4,4,3,4,4,4,2,3,4,2,3,2,1,4,4,1,1,1,1,4,4,4,4,4,4,4,3,2,2,4,2,3,2,5,3,3,3,5,79,84,72,80,11,18,12,14,11,4,16,15,8,7,19
65972445,Мужчина,45,Город с численностью жителей миллион и более человек,Неоконченное высшее,20 + лет,5-10 лет,Производство;,До 1000 человек,замдиректора по производству,70,60 000 — 100 000,Нет,5,7,5,7,6,7,7,6,7,7,4,1,2,7,5,5,2,4,7,6,5,2,3,3,4,6,7,5,7,5,7,5,5,7,6,3,4,4,1,3,4,4,7,2,6,7,2,6,5,5,3,6,2,7,4,6,3,2,2,2,2,3,2,3,2,2,2,2,2,2,2,2,2,2,2,2,2,2,3,2,2,2,2,3,3,3,3,4,4,4,5,3,4,4,3,3,3,4,3,4,3,3,71,66,70,68,14,11,6,10,9,8,12,17,11,9,17
65954185,Мужчина,41,Москва,Два и более высших и/или научная степень,20 + лет,15-20 лет,Образование;,1000+ человек,доцент,20,150 000 — 200 000,Нет,7,7,6,2,6,7,7,6,7,7,6,1,6,6,5,6,6,5,6,7,6,7,6,5,6,5,6,5,7,5,5,6,7,6,5,5,6,6,6,4,4,6,7,6,7,7,5,7,6,6,6,6,5,2,5,5,2,2,3,2,2,2,3,3,3,3,3,3,3,2,3,3,3,2,2,3,2,3,3,2,3,2,2,2,2,2,3,4,4,4,4,4,3,4,5,5,5,5,5,5,5,5,75,82,83,80,13,15,8,13,11,9,9,16,11,15,25
